-- phpMyAdmin SQL Dump
-- version 5.2.1
-- https://www.phpmyadmin.net/
--
-- Host: 127.0.0.1
-- Generation Time: Jan 09, 2024 at 12:06 PM
-- Server version: 10.4.32-MariaDB
-- PHP Version: 8.0.30

SET SQL_MODE = "NO_AUTO_VALUE_ON_ZERO";
START TRANSACTION;
SET time_zone = "+00:00";


/*!40101 SET @OLD_CHARACTER_SET_CLIENT=@@CHARACTER_SET_CLIENT */;
/*!40101 SET @OLD_CHARACTER_SET_RESULTS=@@CHARACTER_SET_RESULTS */;
/*!40101 SET @OLD_COLLATION_CONNECTION=@@COLLATION_CONNECTION */;
/*!40101 SET NAMES utf8mb4 */;

--
-- Database: `admission`
--

-- --------------------------------------------------------

--
-- Table structure for table `faculty_table`
--

CREATE TABLE `faculty_table` (
  `faculty_id` double DEFAULT NULL,
  `Pfix` varchar(100) DEFAULT NULL,
  `Name_of_the_Faculty` varchar(100) DEFAULT NULL,
  `PANELNO` varchar(100) DEFAULT NULL
) ENGINE=InnoDB DEFAULT CHARSET=utf8mb4 COLLATE=utf8mb4_general_ci;

--
-- Dumping data for table `faculty_table`
--

INSERT INTO `faculty_table` (`faculty_id`, `Pfix`, `Name_of_the_Faculty`, `PANELNO`) VALUES
(50007, 'Dr.', 'Sivagami   M', 'PANEL-1'),
(50024, 'Dr.', 'Pradeep Kumar  T.S', 'PANEL-2'),
(50063, 'Dr.', 'Sajidha S A', 'PANEL-3'),
(50094, 'Dr.', 'Jegannathan L', 'PANEL-4'),
(50138, 'Dr.', 'Vergin Raja Sarobin M', 'PANEL-5'),
(50176, 'Dr.', 'Graceline Jasmine S', 'PANEL-6'),
(50178, 'Dr.', 'Appalaraju Muralidhar', 'PANEL-7'),
(50183, 'Dr.', 'Ilakiyaselvan N', 'PANEL-8'),
(50201, 'Dr.', 'Umitty Srinivasa Rao', 'PANEL-9'),
(50239, 'Prof.', 'Khadar Nawas K', 'PANEL-10'),
(50249, 'Dr.', 'Prakash B', 'PANEL-11'),
(50250, 'Dr.', 'Maheswari S', 'PANEL-12'),
(53387, 'Dr.', 'Anita Christaline J', 'PANEL-13'),
(50270, 'Dr.', 'Vijayalakshmi A', 'PANEL-14'),
(50276, 'Dr.', 'B V A N S S Prabhakar Rao', 'PANEL-15'),
(50289, 'Dr.', 'Premalatha M', 'PANEL-16'),
(50301, 'Dr.', 'Rajkumar S', 'PANEL-17'),
(50303, 'Dr.', 'Malathi G', 'PANEL-18'),
(50304, 'Dr.', 'Kumar R', 'PANEL-19'),
(50307, 'Dr.', 'Priyaadharshini M', 'PANEL-20'),
(50311, 'Dr.', 'Kanchana Devi V', 'PANEL-21'),
(50314, 'Prof.', 'Kavya Alluru', 'PANEL-22'),
(50315, 'Dr.', 'Jayaram B', 'PANEL-23'),
(50318, 'Prof.', 'Nivedita M', 'PANEL-24'),
(50319, 'Dr.', 'Bharadwaja Kumar', 'PANEL-25'),
(50322, 'Dr.', 'Jayasudha M', 'PANEL-26'),
(50352, 'Dr.', 'Jenila Livingston L M', 'PANEL-27'),
(50359, 'Dr.', 'Rekha D', 'PANEL-28'),
(50370, 'Dr.', 'Rajesh Kumar', 'PANEL-29'),
(50378, 'Dr.', 'Umamaheswari E', 'PANEL-30'),
(50380, 'Dr.', 'Rajarajeswari S', 'PANEL-31'),
(50384, 'Dr.', 'Neela Narayanan V', 'PANEL-32'),
(50386, 'Dr.', 'Abdul Quadir Md', 'PANEL-33'),
(50389, 'Dr.', 'Tulasi Prasad Sariki', 'PANEL-34'),
(50390, 'Dr.', 'Alok Chauhan', 'PANEL-35'),
(50391, 'Dr.', 'Rabindra Kumar Singh', 'PANEL-36'),
(50396, 'Dr.', 'Pradeep K V', 'PANEL-37'),
(50400, 'Dr.', 'Gayathri R', 'PANEL-38'),
(50401, 'Dr.', 'Punitha K', 'PANEL-39'),
(50403, 'Dr.', 'Rajesh M', 'PANEL-40'),
(50404, 'Dr.', 'Rajiv Vincent', 'PANEL-41'),
(50408, 'Dr.', 'Anusooya G', 'PANEL-42'),
(50410, 'Dr.', 'Sandhya P', 'PANEL-43'),
(50417, 'Dr.', 'Prassanna J', 'PANEL-44'),
(50422, 'Dr.', 'Priyadarshini J', 'PANEL-45'),
(50430, 'Dr.', 'R. Prabhakaran', 'PANEL-46'),
(50432, 'Dr.', 'Shola Usha Rani', 'PANEL-47'),
(50435, 'Dr.', 'Karmel A', 'PANEL-48'),
(50440, 'Dr.', 'Sridhar R', 'PANEL-49'),
(50569, 'Dr.', 'Subbulakshmi T', 'PANEL-50'),
(50577, 'Dr.', 'Renta Chintala Bhargavi', 'PANEL-51'),
(50590, 'Dr.', 'Asnath Victy Phamila Y', 'PANEL-52'),
(50616, 'Dr.', 'Janaki Meena M', 'PANEL-53'),
(50773, 'Dr.', 'Nagaraj S V', 'PANEL-54'),
(50879, 'Dr.', 'Rajalakshmi R', 'PANEL-55'),
(50918, 'Dr.', 'Shyamala L', 'PANEL-56'),
(50926, 'Dr.', 'Jayanthi R', 'PANEL-57'),
(50930, 'Dr.', 'Anusha K', 'PANEL-58'),
(51142, 'Dr.', 'Jani Anbarasi L', 'PANEL-59'),
(51325, 'Dr.', 'M. Prasad', 'PANEL-60'),
(51327, 'Dr.', 'M. Braveen', 'PANEL-61'),
(51328, 'Dr.', 'V. Muthumanikandan', 'PANEL-62'),
(51329, 'Dr.', 'A. K Ilavarasi', 'PANEL-63'),
(51339, 'Dr.', 'SK Ayesha', 'PANEL-64'),
(51344, 'Dr.', 'Radhika Selvamani', 'PANEL-65'),
(51347, 'Dr.', 'Bhuvaneswari A', 'PANEL-66'),
(51457, 'Dr.', 'Manas Ranjan Prusty', 'PANEL-67'),
(51458, 'Dr.', 'R Jothi', 'PANEL-68'),
(51461, 'Dr.', 'Balasundaram A', 'PANEL-69'),
(51651, 'Dr.', 'K Muthukumaran', 'PANEL-70'),
(51652, 'Dr.', 'S Venkatraman', 'PANEL-71'),
(51653, 'Dr.', 'S Edward Jero', 'PANEL-72'),
(51654, 'Dr.', 'Ashoka Rajan R', 'PANEL-73'),
(51656, 'Dr.', 'A Menaka Pushpa', 'PANEL-74'),
(51657, 'Dr.', 'Pavithra L K', 'PANEL-75'),
(51658, 'Dr.', 'Parkavi K', 'PANEL-76'),
(51659, 'Dr.', 'Shivani Gupta', 'PANEL-77'),
(51663, 'Dr.', 'P Subbulakshmi', 'PANEL-78'),
(51665, 'Dr.', 'Amrit Pal', 'PANEL-79'),
(51667, 'Dr.', 'Leninisha Shanmugam', 'PANEL-80'),
(51668, 'Dr.', 'Bhanu Chander Balusa', 'PANEL-81'),
(51669, 'Dr.', 'A Swaminathan', 'PANEL-82'),
(51672, 'Dr.', 'Rishikeshan C A', 'PANEL-83'),
(51673, 'Dr.', 'Sandeep Kumar Satapathy', 'PANEL-84'),
(51677, 'Dr.', 'Vedhapriyavadhana', 'PANEL-85'),
(51679, 'Dr.', 'Ganala Santoshi', 'PANEL-86'),
(51680, 'Dr.', 'V. Sakthivel', 'PANEL-87'),
(51682, 'Dr.', 'Prakash P', 'PANEL-88'),
(51743, 'Dr.', 'K P Vijayakumar', 'PANEL-89'),
(51748, 'Dr.', 'K Pradeep', 'PANEL-90'),
(51754, 'Dr.', 'Radha R', 'PANEL-91'),
(51946, 'Dr.', 'T Kalaipriyan', 'PANEL-92'),
(51947, 'Dr.', 'Rajakumar Arul', 'PANEL-93'),
(51948, 'Dr.', 'Sudha A', 'PANEL-94'),
(51949, 'Dr.', 'Suganeshwari G', 'PANEL-95'),
(51962, 'Dr.', 'Shruti Mishra', 'PANEL-96'),
(52192, 'Dr.', 'Valarmathi Sudhakar', 'PANEL-97'),
(52193, 'Dr.', 'N G Bhuvaneswari Amma', 'PANEL-98'),
(52194, 'Dr.', 'Abishi Chowdhury', 'PANEL-99'),
(52195, 'Dr.', 'Sheik Abdullah A', 'PANEL-100'),
(52204, 'Dr.', 'Manimegalai T', 'PANEL-101'),
(52208, 'Dr.', 'Indra Priyadharshini S', 'PANEL-102'),
(52209, 'Dr.', 'D Kavitha', 'PANEL-103'),
(52215, 'Dr.', 'Suguna', 'PANEL-104'),
(52227, 'Dr.', 'Sherly Alphonse', 'PANEL-105'),
(52232, 'Dr.', 'Abinaya S', 'PANEL-106'),
(52245, 'Dr.', 'Sahaya Beni Prathiba B', 'PANEL-107'),
(52247, 'Dr.', 'Tamilarasi K', 'PANEL-108'),
(52250, 'Dr.', 'Trilok Nath Pandey', 'PANEL-109'),
(52255, 'Dr.', 'Abirami S', 'PANEL-110'),
(52256, 'Dr.', 'Sathian D', 'PANEL-111'),
(52261, 'Dr.', 'Bhavadharini R M', 'PANEL-112'),
(52262, 'Dr.', 'Mercy Rajaselvi Beaulah P', 'PANEL-113'),
(52263, 'Dr.', 'Om Kumar C U', 'PANEL-114'),
(52264, 'Dr.', 'Krithiga R', 'PANEL-115'),
(52266, 'Dr.', 'Suseela S', 'PANEL-116'),
(52273, 'Dr.', 'S A Amutha Jeevakumari', 'PANEL-117'),
(52275, 'Dr.', 'Noel Jeygar Robert V', 'PANEL-1'),
(52277, 'Dr.', 'V Arunkumar', 'PANEL-2'),
(52278, 'Dr.', 'Manjula V', 'PANEL-3'),
(52279, 'Dr.', 'Rama Prabha K P', 'PANEL-4'),
(52280, 'Dr.', 'J Uma Maheswari', 'PANEL-5'),
(52281, 'Dr.', 'Sivakumar P', 'PANEL-6'),
(52283, 'Dr.', 'Monica K M', 'PANEL-7'),
(52284, 'Dr.', 'Brindha S', 'PANEL-8'),
(52285, 'Dr.', 'Sandosh S', 'PANEL-9'),
(52287, 'Dr.', 'M Revathi', 'PANEL-10'),
(52288, 'Dr.', 'Renjith P N', 'PANEL-11'),
(52291, 'Dr.', 'Aswiga R V', 'PANEL-12'),
(52295, 'Dr.', 'Joshan Athanesious J', 'PANEL-13'),
(52299, 'Dr.', 'Joe Dhanith P R', 'PANEL-14'),
(52303, 'Dr.', 'Reena Roy R', 'PANEL-15'),
(52304, 'Dr.', 'Sureshkumar WI', 'PANEL-16'),
(52309, 'Dr.', 'Smrithy G S', 'PANEL-17'),
(52310, 'Dr.', 'Maria Anu V', 'PANEL-18'),
(52312, 'Dr.', 'Kiruthika S', 'PANEL-19'),
(52322, 'Dr.', 'Modigari Narendra', 'PANEL-20'),
(52332, 'Dr.', 'Jaisakthi  S M', 'PANEL-21'),
(52333, 'Dr.', 'Janani  T', 'PANEL-22'),
(52334, 'Dr.', 'Sangeetha N', 'PANEL-23'),
(52335, 'Dr.', 'Amutha S', 'PANEL-24'),
(52336, 'Dr.', 'Manjula D', 'PANEL-25'),
(52337, 'Dr.', 'Anandan P', 'PANEL-26'),
(52338, 'Dr.', 'D Jeya Mala', 'PANEL-27'),
(52341, 'Dr.', 'Praveen Joe I R', 'PANEL-28'),
(52342, 'Dr.', 'Saraswathi D', 'PANEL-29'),
(52343, 'Dr.', 'Dinakaran M', 'PANEL-30'),
(52344, 'Dr.', 'Pandiyaraju V', 'PANEL-31'),
(52345, 'Dr.', 'N M Elango', 'PANEL-32'),
(52346, 'Dr.', 'Mary Shamala L', 'PANEL-33'),
(52349, 'Dr.', 'Senthil Kumar A M', 'PANEL-34'),
(52350, 'Dr.', 'Asha Jerlin M', 'PANEL-35'),
(52353, 'Dr.', 'Yogesh C', 'PANEL-36'),
(52354, 'Dr.', 'Vinothini A', 'PANEL-37'),
(52355, 'Dr.', 'Srinivasa Perumal R', 'PANEL-38'),
(52361, 'Dr.', 'Raja Sree T', 'PANEL-39'),
(52610, 'Dr.', 'Dominic Savio M', 'PANEL-40'),
(52777, 'Dr.', 'Sendhil R', 'PANEL-41'),
(52792, 'Dr.', 'Vijayaprabakaran K', 'PANEL-42'),
(52799, 'Dr.', 'Benil T', 'PANEL-43'),
(52823, 'Dr.', 'Ganesh N', 'PANEL-44'),
(52825, 'Dr.', 'Vatchala S', 'PANEL-45'),
(52833, 'Dr.', 'Ilavendhan A', 'PANEL-46'),
(52835, 'Dr.', 'Sujithra @ Kanmani R', 'PANEL-47'),
(52836, 'Dr.', 'Vallidevi K', 'PANEL-48'),
(52851, 'Dr.', 'S Jahangeer Sidiq', 'PANEL-49'),
(52858, 'Dr.', 'Suganya R', 'PANEL-50'),
(52859, 'Dr.', 'Sobitha Ahila S', 'PANEL-51'),
(52879, 'Dr.', 'Rajesh R', 'PANEL-52'),
(52882, 'Dr.', 'Dhanalakshmi R', 'PANEL-53'),
(52883, 'Dr.', 'Pavithra S', 'PANEL-54'),
(52889, 'Dr.', 'A.Pravin Renold', 'PANEL-55'),
(53009, 'Dr.', 'G.Manju', 'PANEL-56'),
(53011, 'Dr.', 'Deepika Roselind J', 'PANEL-57'),
(53017, 'Dr.', 'Jannath Nisha O S', 'PANEL-58'),
(53019, 'Dr.', 'V. Brindha', 'PANEL-59'),
(53025, 'Dr.', 'Palani Thanaraj K', 'PANEL-60'),
(53027, 'Dr.', 'Sudheer Kumar E', 'PANEL-61'),
(53029, 'Dr.', 'Kanimozhi S', 'PANEL-62'),
(53030, 'Dr.', 'Deepa Nivethika S', 'PANEL-63'),
(53034, 'Dr.', 'Elakiya E', 'PANEL-64'),
(53035, 'Dr.', 'Christopher Columbus C', 'PANEL-65'),
(53036, 'Dr.', 'Malathi D', 'PANEL-66'),
(53037, 'Dr.', 'Leki Chom Thungon', 'PANEL-67'),
(53039, 'Dr.', 'Suvidha Rupesh Kumar', 'PANEL-68'),
(53043, 'Dr.', 'Tapabrata Roy', 'PANEL-69'),
(53046, 'Dr.', 'Srisakthi Saravanan', 'PANEL-70'),
(53048, 'Dr.', 'M Malini Deepika', 'PANEL-71'),
(53049, 'Dr.', 'Revathi A R', 'PANEL-72'),
(53050, 'Dr.', 'Sandhya M', 'PANEL-73'),
(53053, 'Dr.', 'Ancy Micheal A', 'PANEL-74'),
(53060, 'Dr.', 'Anubha Pearline S ', 'PANEL-75'),
(53063, 'Dr.', 'R.Rathna', 'PANEL-76'),
(53069, 'Dr.', 'Afruza Begum', 'PANEL-77'),
(53073, 'Dr.', 'Senthil Prakash P N', 'PANEL-78'),
(53074, 'Dr.', 'Sudharson S', 'PANEL-79'),
(53075, 'Dr.', 'Kaja Mohideen A', 'PANEL-80'),
(53076, 'Prof.', 'V. KARTHIKA', 'PANEL-81'),
(53077, 'Dr.', 'LAKSHMI HARIKA PALIVELA', 'PANEL-82'),
(53078, 'Dr.', 'V. Premanand', 'PANEL-83'),
(53080, 'Dr.', 'Kanniga Devi R', 'PANEL-84'),
(53091, 'Dr.', 'Rajakumar R', 'PANEL-85'),
(53093, 'Dr.', 'Aravindkumar S', 'PANEL-86'),
(53094, 'Prof.', 'Kaviya Elakkiya M', 'PANEL-87'),
(53101, 'Dr.', 'Avuthu Avinash Reddy', 'PANEL-88'),
(53102, 'Dr.', 'Nathezhtha T', 'PANEL-89'),
(53103, 'Dr.', 'Padmanaban R ', 'PANEL-90'),
(53104, 'Dr.', 'Raja M', 'PANEL-91'),
(53105, 'Dr.', 'Balasaraswathi V R', 'PANEL-92'),
(53116, 'Dr.', 'Madheswari K ', 'PANEL-93'),
(53124, 'Dr.', 'Subitha D', 'PANEL-94'),
(53125, 'Dr.', 'Kanthimathi S', 'PANEL-95'),
(53126, 'Dr.', 'Kabilan K', 'PANEL-96'),
(53127, 'Dr.', 'Kavitha J C', 'PANEL-97'),
(53128, 'Dr.', 'Sivakami R', 'PANEL-98'),
(53130, 'Dr.', 'Sovanjyoti Giri', 'PANEL-99'),
(53134, 'Dr.', 'Valarmathi K', 'PANEL-100'),
(53136, 'Dr.', 'Sridevi S', 'PANEL-101'),
(53137, 'Dr.', 'Dhavakumar P', 'PANEL-102'),
(53139, 'Dr.', 'Indira B', 'PANEL-103'),
(53145, 'Dr.', 'Vignesh U', 'PANEL-104'),
(53153, 'Dr.', 'Kishor Kisan Ingle', 'PANEL-105'),
(53154, 'Dr.', 'Rama Parvathy L', 'PANEL-106'),
(53157, 'Dr.', 'P. Saravanan', 'PANEL-107'),
(53159, 'Dr.', 'Renuka Devi R', 'PANEL-108'),
(53160, 'Dr.', 'Poonkodi M', 'PANEL-109'),
(53161, 'Dr.', 'Prem Sankar N', 'PANEL-110'),
(53164, 'Dr.', 'A.B.Ahadit', 'PANEL-111'),
(53166, 'Dr.', 'Marimuthu M', 'PANEL-112'),
(53343, 'Dr.', 'Lekshmi K', 'PANEL-113'),
(53353, 'Dr.', 'Prabu S', 'PANEL-114'),
(70017, 'Dr.', 'Vaidehi Vijayakumar', 'PANEL-115'),
(53368, 'Prof.', 'Logeswari G', 'PANEL-116'),
(53376, 'Prof.', 'Nivethitha V', 'PANEL-117');

-- --------------------------------------------------------

--
-- Table structure for table `student_data`
--

CREATE TABLE `student_data` (
  `id` int(10) NOT NULL,
  `u_card` varchar(12) NOT NULL,
  `u_f_name` text NOT NULL,
  `u_l_name` text NOT NULL,
  `u_email` text NOT NULL,
  `u_phone` varchar(10) NOT NULL,
  `u_project_type` varchar(50) NOT NULL,
  `review_0` varchar(10) NOT NULL DEFAULT '0',
  `faculty_id` int(10) NOT NULL,
  `project_name` varchar(50) DEFAULT NULL,
  `attendance` varchar(10) NOT NULL,
  `no_of_present` int(10) NOT NULL DEFAULT 0,
  `no_of_absent` int(10) NOT NULL DEFAULT 0
) ENGINE=InnoDB DEFAULT CHARSET=utf8mb4 COLLATE=utf8mb4_general_ci;

--
-- Dumping data for table `student_data`
--

INSERT INTO `student_data` (`id`, `u_card`, `u_f_name`, `u_l_name`, `u_email`, `u_phone`, `u_project_type`, `review_0`, `faculty_id`, `project_name`, `attendance`, `no_of_present`, `no_of_absent`) VALUES
(104, '231313', 'surajj', 'kumaran', 'surajj@gmail.com', '23234242', 'PAT', '0', 0, NULL, '', 0, 0),
(134, '23MCA1067', 'VISHAL', 'P', 'vishal@gmail.com', '8p66752812', 'PAT', '', 588880, '', '', 0, 0);

-- --------------------------------------------------------

--
-- Table structure for table `student_table`
--

CREATE TABLE `student_table` (
  `SNO` double DEFAULT NULL,
  `PGM` varchar(100) DEFAULT NULL,
  `REG_NO` varchar(100) DEFAULT NULL,
  `STUDENT_NAME` varchar(100) DEFAULT NULL,
  `_ERP_ID` double DEFAULT NULL,
  `GUIDE_NAME` varchar(100) DEFAULT NULL,
  `PANEL_NO` varchar(100) DEFAULT NULL,
  `s_m1` int(10) NOT NULL DEFAULT 0,
  `s_m2` int(10) NOT NULL DEFAULT 0,
  `s_m3` int(10) NOT NULL DEFAULT 0,
  `s_m4` int(10) NOT NULL DEFAULT 0,
  `s_tot` int(10) NOT NULL DEFAULT 0,
  `s_attendance` int(10) DEFAULT NULL,
  `s_approval` int(10) DEFAULT NULL
) ENGINE=InnoDB DEFAULT CHARSET=utf8mb4 COLLATE=utf8mb4_general_ci;

--
-- Dumping data for table `student_table`
--

INSERT INTO `student_table` (`SNO`, `PGM`, `REG_NO`, `STUDENT_NAME`, `_ERP_ID`, `GUIDE_NAME`, `PANEL_NO`, `s_m1`, `s_m2`, `s_m3`, `s_m4`, `s_tot`, `s_attendance`, `s_approval`) VALUES
(1, 'BCE', '19BCE1787', 'MAHITH KUMAR V', 52303, 'REENA ROY R', 'PANEL-1', 0, 0, 0, 0, 0, NULL, NULL),
(2, 'BCE', '19BCE1852', 'JESSICA MAHILARY', 53011, 'DEEPIKA ROSELIND J', 'PANEL-1', 0, 0, 0, 0, 0, NULL, NULL),
(3, 'BCE', '20BCE1001', 'SANDIREDDY RAHUL RAYUDU', 50138, 'VERGIN RAJA SAROBIN M', 'PANEL-1', 0, 0, 0, 0, 0, NULL, NULL),
(4, 'BCE', '20BCE1002', 'C CIVANESH', 51754, 'RADHA R', 'PANEL-1', 0, 0, 0, 0, 0, NULL, NULL),
(5, 'BCE', '20BCE1004', 'MIZBA JAFFAR', 50577, 'RENTA CHINTALA BHARGAVI', 'PANEL-1', 0, 0, 0, 0, 0, NULL, NULL),
(6, 'BCE', '20BCE1009', 'RISHIRAJ SARIT BISWAS', 50404, 'RAJIV VINCENT', 'PANEL-1', 0, 0, 0, 0, 0, NULL, NULL),
(7, 'BCE', '20BCE1014', 'VIVEK SINGH', 50266, 'SHRIDEVI S', 'PANEL-1', 0, 0, 0, 0, 0, NULL, NULL),
(8, 'BCE', '20BCE1016', 'PRIYADHARSHINI S', 52193, 'N G BHUVANESWARI ', 'PANEL-1', 0, 0, 0, 0, 0, NULL, NULL),
(9, 'BCE', '20BCE1018', 'MANAS TIWARI', 50390, 'ALOK CHAUHAN', 'PANEL-2', 0, 0, 0, 0, 0, NULL, NULL),
(10, 'BCE', '20BCE1019', 'SUBRAMANIAN NACHIAPPAN', 52310, 'MARIA ANU', 'PANEL-2', 0, 0, 0, 0, 0, NULL, NULL),
(11, 'BCE', '20BCE1020', 'ALVIN MANOJ ALEX', 50299, 'S. BHARATHI RAJA', 'PANEL-2', 0, 0, 0, 0, 0, NULL, NULL),
(12, 'BCE', '20BCE1022', 'AMAN KUMAR SINGH', 50577, 'RENTA CHINTALA BHARGAVI', 'PANEL-2', 0, 0, 0, 0, 0, NULL, NULL),
(13, 'BCE', '20BCE1023', 'SANSKAR SRIVASTAVA', 50183, 'ILAKIYASELVAN N', 'PANEL-2', 0, 0, 0, 0, 0, NULL, NULL),
(14, 'BCE', '20BCE1025', 'ABHISHEK N N', 52194, 'ABISHI CHOWDHURY', 'PANEL-2', 0, 0, 0, 0, 0, NULL, NULL),
(15, 'BCE', '20BCE1029', 'ARJUN PRASHANTH', 50577, 'RENTA CHINTALA BHARGAVI', 'PANEL-2', 0, 0, 0, 0, 0, NULL, NULL),
(16, 'BCE', '20BCE1030', 'PRANAAV REDDY K L', 50177, 'THOMAS ABRAHAM J V', 'PANEL-2', 0, 0, 0, 0, 0, NULL, NULL),
(17, 'BCE', '20BCE1033', 'SHARON SHIBU GEORGE', 53078, 'PREMANAND V', 'PANEL-3', 0, 0, 0, 0, 0, NULL, NULL),
(18, 'BCE', '20BCE1035', 'R BALAKRISHNAN', 50322, 'JAYASUDHA M', 'PANEL-3', 0, 0, 0, 0, 0, NULL, NULL),
(19, 'BCE', '20BCE1039', 'VISHWATH RAMACHANDRAN', 50396, 'PRADEEP K V', 'PANEL-3', 0, 0, 0, 0, 0, NULL, NULL),
(20, 'BCE', '20BCE1040', 'R S JYOTHISH', 52275, 'NOEL JEYGAR ROBERT V', 'PANEL-3', 0, 0, 0, 0, 0, NULL, NULL),
(21, 'BCE', '20BCE1042', 'KOMMAREDDY SAKETH REDDY', 50370, 'RAJESH KUMAR', 'PANEL-3', 0, 0, 0, 0, 0, NULL, NULL),
(22, 'BCE', '20BCE1049', 'KEERTHANA S', 50380, 'RAJARAJESWARI S', 'PANEL-3', 0, 0, 0, 0, 0, NULL, NULL),
(23, 'BCE', '20BCE1050', 'SANJEET V', 52193, 'N G BHUVANESWARI ', 'PANEL-3', 0, 0, 0, 0, 0, NULL, NULL),
(24, 'BCE', '20BCE1053', 'RITWIK SINGH', 50616, 'JANAKI MEENA M', 'PANEL-3', 0, 0, 0, 0, 0, NULL, NULL),
(25, 'BCE', '20BCE1054', 'DARSHINI R', 52310, 'MARIA ANU', 'PANEL-4', 5, 4, 3, 3, 15, NULL, NULL),
(26, 'BCE', '20BCE1055', 'MANASA R', 50318, 'NIVEDITA M', 'PANEL-4', 0, 0, 0, 0, 0, NULL, NULL),
(27, 'BCE', '20BCE1058', 'PATRICK RAJA S', 53105, 'BALASARASWATHI', 'PANEL-4', 0, 0, 0, 0, 0, NULL, NULL),
(28, 'BCE', '20BCE1064', 'SAURABH MALI', 53076, 'KARTHIKA V', 'PANEL-4', 0, 0, 0, 0, 0, NULL, NULL),
(29, 'BCE', '20BCE1066', 'VIKKURTY VAMSI', 51654, 'ASHOKA RAJAN R', 'PANEL-4', 0, 0, 0, 0, 0, NULL, NULL),
(30, 'BCE', '20BCE1069', 'AVNISH UPADHYAY', 52354, 'VINOTHINI A', 'PANEL-4', 0, 0, 0, 0, 0, NULL, NULL),
(31, 'BCE', '20BCE1073', 'AYUSH JAIN', 70017, 'VAIDEHI VIJAYAKUMAR', 'PANEL-4', 0, 0, 0, 0, 0, NULL, NULL),
(32, 'BCE', '20BCE1074', 'SRINATH N S', 52310, 'MARIA ANU', 'PANEL-4', 0, 0, 0, 0, 0, NULL, NULL),
(33, 'BCE', '20BCE1081', 'SHASHVATH RADHAKRISHNAN', 52858, 'SUGANYA R', 'PANEL-5', 0, 0, 0, 0, 0, NULL, NULL),
(34, 'BCE', '20BCE1084', 'RIJUL KHARBANDA', 50300, 'VISWANATHAN V', 'PANEL-5', 0, 0, 0, 0, 0, NULL, NULL),
(35, 'BCE', '20BCE1091', 'SANTHOSH RAM G K', 51328, 'V. MUTHUMANIKANDAN', 'PANEL-5', 0, 0, 0, 0, 0, NULL, NULL),
(36, 'BCE', '20BCE1094', 'KAMBALE RAJAT ABHIJIT', 50186, 'PARVATHI R', 'PANEL-5', 0, 0, 0, 0, 0, NULL, NULL),
(37, 'BCE', '20BCE1098', 'RAVALEKAR VISHVAJEET PRADEEP', 52250, 'TRILOK NATH PANDEY', 'PANEL-5', 0, 0, 0, 0, 0, NULL, NULL),
(38, 'BCE', '20BCE1099', 'BARHATE KAUSHAL NILESH', 50410, 'SANDHYA P', 'PANEL-5', 0, 0, 0, 0, 0, NULL, NULL),
(39, 'BCE', '20BCE1105', 'KESAV SANTHOSH', 53046, 'SRISAKTHI SARAVANAN', 'PANEL-5', 0, 0, 0, 0, 0, NULL, NULL),
(40, 'BCE', '20BCE1107', 'IBRAHIM ALI', 50154, 'RUKMANI P', 'PANEL-5', 0, 0, 0, 0, 0, NULL, NULL),
(41, 'BCE', '20BCE1113', 'SAI SILESH N K', 50270, 'VIJAYALAKSHMI A', 'PANEL-6', 0, 0, 0, 0, 0, NULL, NULL),
(42, 'BCE', '20BCE1125', 'PRIYANSHU SINGH', 52299, 'JOE DHANITH', 'PANEL-6', 0, 0, 0, 0, 0, NULL, NULL),
(43, 'BCE', '20BCE1128', 'SAI VIGNESH N', 50159, 'HARINI S', 'PANEL-6', 0, 0, 0, 0, 0, NULL, NULL),
(44, 'BCE', '20BCE1129', 'VISHAL KUMAR', 50186, 'PARVATHI R', 'PANEL-6', 0, 0, 0, 0, 0, NULL, NULL),
(45, 'BCE', '20BCE1131', 'KALIDINDI MAHESH PAVAN VARMA', 50314, 'KAVYA ALLURU', 'PANEL-6', 0, 0, 0, 0, 0, NULL, NULL),
(46, 'BCE', '20BCE1132', 'MOHAMMAD UMAIR SAAD', 53161, 'Prem Sankar N', 'PANEL-6', 0, 0, 0, 0, 0, NULL, NULL),
(47, 'BCE', '20BCE1133', 'LAKSHYA BHARDWAJ', 51328, 'V. MUTHUMANIKANDAN', 'PANEL-6', 0, 0, 0, 0, 0, NULL, NULL),
(48, 'BCE', '20BCE1136', 'BANSURI GUPTA', 52275, 'NOEL JEYGAR ROBERT V', 'PANEL-6', 0, 0, 0, 0, 0, NULL, NULL),
(49, 'BCE', '20BCE1138', 'JANAPATI SARATH CHANDRA', 52232, 'ABINAYA S', 'PANEL-7', 0, 0, 0, 0, 0, NULL, NULL),
(50, 'BCE', '20BCE1139', 'MATHAV KRISHNAN S', 52303, 'REENA ROY R', 'PANEL-7', 0, 0, 0, 0, 0, NULL, NULL),
(51, 'BCE', '20BCE1140', 'RAGHAV PHOPHALIYA', 50036, 'NISHA  V.M', 'PANEL-7', 0, 0, 0, 0, 0, NULL, NULL),
(52, 'BCE', '20BCE1143', 'ADVAIT KAMLESH DEOCHAKKE', 50422, 'PRIYADARSHINI J', 'PANEL-7', 0, 0, 0, 0, 0, NULL, NULL),
(53, 'BCE', '20BCE1144', 'THAKUR SIDDHARTH SABIJ', 50186, 'PARVATHI R', 'PANEL-7', 0, 0, 0, 0, 0, NULL, NULL),
(54, 'BCE', '20BCE1147', 'KARTIKE CHADHA', 53137, 'DHAVAKUMAR P', 'PANEL-7', 0, 0, 0, 0, 0, NULL, NULL),
(55, 'BCE', '20BCE1152', 'ANUSHKA CHATTERJEE', 52312, 'KIRUTHIKA ', 'PANEL-7', 0, 0, 0, 0, 0, NULL, NULL),
(56, 'BCE', '20BCE1153', 'ARIKATLA ROHITH', 52823, 'GANESH N', 'PANEL-7', 0, 0, 0, 0, 0, NULL, NULL),
(57, 'BCE', '20BCE1154', 'PARAB INDRANEEL VILAS', 52851, 'S JAHANGEER SIDIQ', 'PANEL-8', 0, 0, 0, 0, 0, NULL, NULL),
(58, 'BCE', '20BCE1155', 'ROHAN NAITHANI', 52610, 'DOMINIC SAVIO M', 'PANEL-8', 0, 0, 0, 0, 0, NULL, NULL),
(59, 'BCE', '20BCE1156', 'NEPPALI RAVI TEJA', 50926, 'JAYANTHI R', 'PANEL-8', 0, 0, 0, 0, 0, NULL, NULL),
(60, 'BCE', '20BCE1161', 'SHUBHANGI AGRAWAL', 50390, 'ALOK CHAUHAN', 'PANEL-8', 0, 0, 0, 0, 0, NULL, NULL),
(61, 'BCE', '20BCE1162', 'BODKHE ADITI ANIL', 51962, 'SHRUTI ', 'PANEL-8', 0, 0, 0, 0, 0, NULL, NULL),
(62, 'BCE', '20BCE1164', 'SHRISHTI SINGH', 52250, 'TRILOK NATH PANDEY', 'PANEL-8', 0, 0, 0, 0, 0, NULL, NULL),
(63, 'BCE', '20BCE1168', 'BARAIYA MANIT RAMESHKUMAR', 52792, 'VIJAYAPRABAKARAN K', 'PANEL-8', 0, 0, 0, 0, 0, NULL, NULL),
(64, 'BCE', '20BCE1170', 'SHYAM SANKALP PATTNAIK', 51743, 'VIJAYAKUMAR K P', 'PANEL-8', 0, 0, 0, 0, 0, NULL, NULL),
(65, 'BCE', '20BCE1172', 'MOHAMMED AYMAAN BAIG', 50410, 'SANDHYA P', 'PANEL-9', 0, 0, 0, 0, 0, NULL, NULL),
(66, 'BCE', '20BCE1176', 'BALAJI S V', 52349, 'SENTHIL KUMAR A M', 'PANEL-9', 0, 0, 0, 0, 0, NULL, NULL),
(67, 'BCE', '20BCE1184', 'SANTHOSHKUMAR G', 50918, 'SHYAMALA L', 'PANEL-9', 0, 0, 0, 0, 0, NULL, NULL),
(68, 'BCE', '20BCE1187', 'NAGARAJ S', 52279, 'RAMA PRABHA ', 'PANEL-9', 0, 0, 0, 0, 0, NULL, NULL),
(69, 'BCE', '20BCE1188', 'KATURI MADHAVA RAJESH', 52799, 'BENIL T', 'PANEL-9', 0, 0, 0, 0, 0, NULL, NULL),
(70, 'BCE', '20BCE1193', 'UTKARSH VERMA', 53103, 'PADMANABAN R', 'PANEL-9', 0, 0, 0, 0, 0, NULL, NULL),
(71, 'BCE', '20BCE1195', 'DIPESH BISWAS', 51946, 'KALAIPRIYAN', 'PANEL-9', 0, 0, 0, 0, 0, NULL, NULL),
(72, 'BCE', '20BCE1196', 'PRAKHAR SACHAN', 53027, 'SUDHEER KUMAR E', 'PANEL-9', 0, 0, 0, 0, 0, NULL, NULL),
(73, 'BCE', '20BCE1198', 'Sujit Kumar', 52346, 'Mary Shamala L', 'PANEL-10', 0, 0, 0, 0, 0, NULL, NULL),
(74, 'BCE', '20BCE1199', 'TANISHA PODDAR', 50422, 'PRIYADARSHINI J', 'PANEL-10', 0, 0, 0, 0, 0, NULL, NULL),
(75, 'BCE', '20BCE1200', 'ROSHAN PHILIP JACOB', 52350, 'ASHA JERLIN M', 'PANEL-10', 0, 0, 0, 0, 0, NULL, NULL),
(76, 'BCE', '20BCE1202', 'ADITYA AHUJA', 50590, 'ASNATH VICTY PHAMILA Y', 'PANEL-10', 0, 0, 0, 0, 0, NULL, NULL),
(77, 'BCE', '20BCE1205', 'SHUBHAM OJHA', 50879, 'RAJALAKSHMI R', 'PANEL-10', 0, 0, 0, 0, 0, NULL, NULL),
(78, 'BCE', '20BCE1207', 'NIMMAKAYALA YASWANTH SRI SESHAGIRI', 50270, 'VIJAYALAKSHMI A', 'PANEL-10', 0, 0, 0, 0, 0, NULL, NULL),
(79, 'BCE', '20BCE1210', 'VISHNURAM G', 52859, 'SOBITHA AHILA S', 'PANEL-10', 0, 0, 0, 0, 0, NULL, NULL),
(80, 'BCE', '20BCE1212', 'ANKANA CHATTERJEE', 52287, 'REVATHI ', 'PANEL-10', 0, 0, 0, 0, 0, NULL, NULL),
(81, 'BCE', '20BCE1218', 'BEJAVADA ABHIRAM', 52285, 'SANDOSH', 'PANEL-11', 0, 0, 0, 0, 0, NULL, NULL),
(82, 'BCE', '20BCE1219', 'ARYA SINGH', 51328, 'V. MUTHUMANIKANDAN', 'PANEL-11', 0, 0, 0, 0, 0, NULL, NULL),
(83, 'BCE', '20BCE1220', 'MEHUL BANSAL', 53104, 'RAJA M', 'PANEL-11', 0, 0, 0, 0, 0, NULL, NULL),
(84, 'BCE', '20BCE1223', 'MANIGANDAN R', 50438, 'SUGANYA G', 'PANEL-11', 0, 0, 0, 0, 0, NULL, NULL),
(85, 'BCE', '20BCE1225', 'AMAN KUMAR PATNI', 52194, 'ABISHI CHOWDHURY', 'PANEL-11', 0, 0, 0, 0, 0, NULL, NULL),
(86, 'BCE', '20BCE1226', 'ARUN KUMAWAT', 53104, 'RAJA M', 'PANEL-11', 0, 0, 0, 0, 0, NULL, NULL),
(87, 'BCE', '20BCE1227', 'GAUTAM ADLAKHA', 51962, 'SHRUTI ', 'PANEL-11', 0, 0, 0, 0, 0, NULL, NULL),
(88, 'BCE', '20BCE1233', 'GOURAV JENA', 53037, 'LEKI CHOM THUNGON', 'PANEL-11', 0, 0, 0, 0, 0, NULL, NULL),
(89, 'BCE', '20BCE1240', 'V VARSHINI', 51347, 'BHUVANESWARI', 'PANEL-12', 0, 0, 0, 0, 0, NULL, NULL),
(90, 'BCE', '20BCE1241', 'MHAPANKAR SIDDHANT VINOD', 53104, 'RAJA M', 'PANEL-12', 0, 0, 0, 0, 0, NULL, NULL),
(91, 'BCE', '20BCE1245', 'SUJITH M', 50879, 'RAJALAKSHMI R', 'PANEL-12', 0, 0, 0, 0, 0, NULL, NULL),
(92, 'BCE', '20BCE1249', 'GOKUL JAYAN', 50177, 'THOMAS ABRAHAM J V', 'PANEL-12', 0, 0, 0, 0, 0, NULL, NULL),
(93, 'BCE', '20BCE1250', 'ALTRIN LLOYD HUDSON D', 50400, 'GAYATHRI R', 'PANEL-12', 0, 0, 0, 0, 0, NULL, NULL),
(94, 'BCE', '20BCE1251', 'RAJAT MISHRA', 50266, 'SHRIDEVI S', 'PANEL-12', 0, 0, 0, 0, 0, NULL, NULL),
(95, 'BCE', '20BCE1255', 'SRI PRIYADHARSAN K', 50400, 'GAYATHRI R', 'PANEL-12', 0, 0, 0, 0, 0, NULL, NULL),
(96, 'BCE', '20BCE1257', 'SATYAM GAUR', 50773, 'NAGARAJ S V', 'PANEL-12', 0, 0, 0, 0, 0, NULL, NULL),
(97, 'BCE', '20BCE1261', 'SHREYA PRAKASAN PANNERY', 53145, 'VIGNESH U', 'PANEL-13', 0, 0, 0, 0, 0, NULL, NULL),
(98, 'BCE', '20BCE1264', 'SANAND V M', 50773, 'NAGARAJ S V', 'PANEL-13', 0, 0, 0, 0, 0, NULL, NULL),
(99, 'BCE', '20BCE1268', 'KISHAN V', 50403, 'RAJESH M', 'PANEL-13', 0, 0, 0, 0, 0, NULL, NULL),
(100, 'BCE', '20BCE1269', 'TANUSHREE GORAI', 50422, 'PRIYADARSHINI J', 'PANEL-13', 0, 0, 0, 0, 0, NULL, NULL),
(101, 'BCE', '20BCE1273', 'PRAKUL VYAS', 53030, 'DEEPA NIVETHIKA', 'PANEL-13', 0, 0, 0, 0, 0, NULL, NULL),
(102, 'BCE', '20BCE1274', 'VALLURU SEETARAMA VISHWESH', 50430, 'PRABHAKARAN R', 'PANEL-13', 0, 0, 0, 0, 0, NULL, NULL),
(103, 'BCE', '20BCE1277', 'GANDLA PRAVALLIKA', 53105, 'BALASARASWATHI', 'PANEL-13', 0, 0, 0, 0, 0, NULL, NULL),
(104, 'BCE', '20BCE1278', 'TIMOTHY THOMAS GEORGE', 51461, 'BALASUNDARAM A', 'PANEL-13', 0, 0, 0, 0, 0, NULL, NULL),
(105, 'BCE', '20BCE1280', 'KOLLIPARA MONISH SAI GOPI', 52835, 'SUJITHRA @ KANMANI R', 'PANEL-14', 0, 0, 0, 0, 0, NULL, NULL),
(106, 'BCE', '20BCE1281', 'JASNEET SINGH BHATTI', 50249, 'PRAKASH B', 'PANEL-14', 0, 0, 0, 0, 0, NULL, NULL),
(107, 'BCE', '20BCE1283', 'GUTHA VENKATA NAGA MITHULESH CHOWDARY', 50159, 'HARINI S', 'PANEL-14', 0, 0, 0, 0, 0, NULL, NULL),
(108, 'BCE', '20BCE1288', 'HIMMATRAMKA RISHAV', 52287, 'REVATHI ', 'PANEL-14', 0, 0, 0, 0, 0, NULL, NULL),
(109, 'BCE', '20BCE1298', 'CHUNDURU SRI ABHIJIT', 50392, 'SYED IBRAHIM S P', 'PANEL-14', 0, 0, 0, 0, 0, NULL, NULL),
(110, 'BCE', '20BCE1300', 'DEOLE YASH MAKARAND', 50266, 'SHRIDEVI S', 'PANEL-14', 0, 0, 0, 0, 0, NULL, NULL),
(111, 'BCE', '20BCE1303', 'UTTAARAK BANSAL', 53035, 'CHRISTOPHER COLUMBUS C', 'PANEL-14', 0, 0, 0, 0, 0, NULL, NULL),
(112, 'BCE', '20BCE1304', 'G NITHISH KANNA', 52275, 'NOEL JEYGAR ROBERT V', 'PANEL-14', 0, 0, 0, 0, 0, NULL, NULL),
(113, 'BCE', '20BCE1306', 'VIVEK SINGH DUDY', 52349, 'SENTHIL KUMAR A M', 'PANEL-15', 0, 0, 0, 0, 0, NULL, NULL),
(114, 'BCE', '20BCE1308', 'SRI HARSHAVARDHAN PALLA', 50186, 'PARVATHI R', 'PANEL-15', 0, 0, 0, 0, 0, NULL, NULL),
(115, 'BCE', '20BCE1309', 'SANTHOSH NARAYANAN B', 50918, 'SHYAMALA L', 'PANEL-15', 0, 0, 0, 0, 0, NULL, NULL),
(116, 'BCE', '20BCE1310', 'HARSH GUPTA', 50404, 'RAJIV VINCENT', 'PANEL-15', 0, 0, 0, 0, 0, NULL, NULL),
(117, 'BCE', '20BCE1311', 'SHUBHAM AGARWAL', 53078, 'PREMANAND V', 'PANEL-15', 0, 0, 0, 0, 0, NULL, NULL),
(118, 'BCE', '20BCE1313', 'PARUPELLY AKHIL', 51142, 'JANI ANBARASI L', 'PANEL-15', 0, 0, 0, 0, 0, NULL, NULL),
(119, 'BCE', '20BCE1314', 'SHYLESH SHANKAR V', 52280, 'UMA MAHESWARI', 'PANEL-15', 0, 0, 0, 0, 0, NULL, NULL),
(120, 'BCE', '20BCE1317', 'G S JYOTHSSENA', 52215, 'SUGUNA', 'PANEL-15', 0, 0, 0, 0, 0, NULL, NULL),
(121, 'BCE', '20BCE1318', 'VINAY VITTAL MOOLYA', 50380, 'RAJARAJESWARI S', 'PANEL-16', 0, 0, 0, 0, 0, NULL, NULL),
(122, 'BCE', '20BCE1319', 'HRITHIK U', 53112, 'KARTHIKEYAN N', 'PANEL-16', 0, 0, 0, 0, 0, NULL, NULL),
(123, 'BCE', '20BCE1320', 'ANJALI JAIN', 51327, 'M. BRAVEEN', 'PANEL-16', 0, 0, 0, 0, 0, NULL, NULL),
(124, 'BCE', '20BCE1324', 'SAKSHI SINGH', 50270, 'VIJAYALAKSHMI A', 'PANEL-16', 0, 0, 0, 0, 0, NULL, NULL),
(125, 'BCE', '20BCE1326', 'KRITHIKA R', 52312, 'KIRUTHIKA ', 'PANEL-16', 0, 0, 0, 0, 0, NULL, NULL),
(126, 'BCE', '20BCE1330', 'NITHYA RADHAKRISHNAN', 52299, 'JOE DHANITH', 'PANEL-16', 0, 0, 0, 0, 0, NULL, NULL),
(127, 'BCE', '20BCE1332', 'V S SAI RASHWANT', 52355, 'SRINIVASA PERUMAL R', 'PANEL-16', 0, 0, 0, 0, 0, NULL, NULL),
(128, 'BCE', '20BCE1333', 'ARYAN PUROHIT', 53063, 'RATHNA', 'PANEL-16', 0, 0, 0, 0, 0, NULL, NULL),
(129, 'BCE', '20BCE1335', 'SHREYAS BHASKAR', 53048, 'MALINI DEEPIKA ', 'PANEL-17', 0, 0, 0, 0, 0, NULL, NULL),
(130, 'BCE', '20BCE1337', 'ATHUL SHANKER', 52255, 'ABIRAMI S', 'PANEL-17', 0, 0, 0, 0, 0, NULL, NULL),
(131, 'BCE', '20BCE1339', 'S K PRITIKAA', 52247, 'TAMILARASI K', 'PANEL-17', 0, 0, 0, 0, 0, NULL, NULL),
(132, 'BCE', '20BCE1340', 'DHIPIKA K', 50577, 'RENTA CHINTALA BHARGAVI', 'PANEL-17', 0, 0, 0, 0, 0, NULL, NULL),
(133, 'BCE', '20BCE1341', 'ONKAR APTE', 50250, 'MAHESWARI S', 'PANEL-17', 0, 0, 0, 0, 0, NULL, NULL),
(134, 'BCE', '20BCE1342', 'RASHIKA AGARWAL', 51654, 'ASHOKA RAJAN R', 'PANEL-17', 0, 0, 0, 0, 0, NULL, NULL),
(135, 'BCE', '20BCE1343', 'ASHLEY SANU', 53060, 'ANUBHA PEARLINE S', 'PANEL-17', 0, 0, 0, 0, 0, NULL, NULL),
(136, 'BCE', '20BCE1355', 'Vishal Sankar', 50024, 'PRADEEP KUMAR  T S', 'PANEL-17', 0, 0, 0, 0, 0, NULL, NULL),
(137, 'BCE', '20BCE1356', 'SAM MESHACH D', 52610, 'DOMINIC SAVIO M', 'PANEL-18', 0, 0, 0, 0, 0, NULL, NULL),
(138, 'BCE', '20BCE1357', 'D SHYAM SUNDAR', 52295, 'JOSHAN ', 'PANEL-18', 0, 0, 0, 0, 0, NULL, NULL),
(139, 'BCE', '20BCE1358', 'SUDIP ROY', 52227, 'SHERLY A', 'PANEL-18', 0, 0, 0, 0, 0, NULL, NULL),
(140, 'BCE', '20BCE1359', 'GAYATHRI SATHISH', 51328, 'V. MUTHUMANIKANDAN', 'PANEL-18', 0, 0, 0, 0, 0, NULL, NULL),
(141, 'BCE', '20BCE1360', 'PRATHIBA LAKSHMI NARAYAN', 52858, 'SUGANYA R', 'PANEL-18', 0, 0, 0, 0, 0, NULL, NULL),
(142, 'BCE', '20BCE1361', 'SHIVALI R', 53034, 'ELAKIA E', 'PANEL-18', 0, 0, 0, 0, 0, NULL, NULL),
(143, 'BCE', '20BCE1367', 'ASHLIN BIJU', 50249, 'PRAKASH B', 'PANEL-18', 0, 0, 0, 0, 0, NULL, NULL),
(144, 'BCE', '20BCE1371', 'AKSHAYA MOTAMARRI', 51651, 'MUTHUKUMARAN K', 'PANEL-18', 0, 0, 0, 0, 0, NULL, NULL),
(145, 'BCE', '20BCE1374', 'PRIYANSH CHAUHAN', 52303, 'REENA ROY R', 'PANEL-19', 0, 0, 0, 0, 0, NULL, NULL),
(146, 'BCE', '20BCE1375', 'R SHRUTHI', 52777, 'SENDHIL R', 'PANEL-19', 0, 0, 0, 0, 0, NULL, NULL),
(147, 'BCE', '20BCE1376', 'S G SHREEJITH', 53102, 'NATHEZHTHA T', 'PANEL-19', 0, 0, 0, 0, 0, NULL, NULL),
(148, 'BCE', '20BCE1379', 'PALLAV AGGARWAL', 70017, 'VAIDEHI VIJAYAKUMAR', 'PANEL-19', 0, 0, 0, 0, 0, NULL, NULL),
(149, 'BCE', '20BCE1382', 'AMAN KR MISHRA', 51652, 'VENKATRAMAN S', 'PANEL-19', 0, 0, 0, 0, 0, NULL, NULL),
(150, 'BCE', '20BCE1384', 'RITIK SINGH', 51651, 'MUTHUKUMARAN K', 'PANEL-19', 0, 0, 0, 0, 0, NULL, NULL),
(151, 'BCE', '20BCE1385', 'VAIBHAV THALANKI', 51458, 'R JOTHI', 'PANEL-19', 0, 0, 0, 0, 0, NULL, NULL),
(152, 'BCE', '20BCE1389', 'K NIRANJANA', 52255, 'ABIRAMI S', 'PANEL-19', 0, 0, 0, 0, 0, NULL, NULL),
(153, 'BCE', '20BCE1390', 'LAKSHAN V', 52280, 'UMA MAHESWARI', 'PANEL-20', 0, 0, 0, 0, 0, NULL, NULL),
(154, 'BCE', '20BCE1391', 'KARTHIKRAM R', 52349, 'SENTHIL KUMAR A M', 'PANEL-20', 0, 0, 0, 0, 0, NULL, NULL),
(155, 'BCE', '20BCE1394', 'ANIRUDH C P', 51677, 'VEDHAPRIYAVADHANA', 'PANEL-20', 0, 0, 0, 0, 0, NULL, NULL),
(156, 'BCE', '20BCE1395', 'ARNAV RAWAT', 51651, 'MUTHUKUMARAN K', 'PANEL-20', 0, 0, 0, 0, 0, NULL, NULL),
(157, 'BCE', '20BCE1401', 'K ANUSH', 52247, 'TAMILARASI K', 'PANEL-20', 0, 0, 0, 0, 0, NULL, NULL),
(158, 'BCE', '20BCE1403', 'T R HARISH', 50185, 'SATHYARAJASEKARAN K', 'PANEL-20', 0, 0, 0, 0, 0, NULL, NULL),
(159, 'BCE', '20BCE1405', 'SHRUTI SRIDHAR', 51652, 'VENKATRAMAN S', 'PANEL-20', 0, 0, 0, 0, 0, NULL, NULL),
(160, 'BCE', '20BCE1406', 'GOHIL SHRADHDHA YAGNESHKUMAR', 50322, 'JAYASUDHA M', 'PANEL-20', 0, 0, 0, 0, 0, NULL, NULL),
(161, 'BCE', '20BCE1407', 'PRERNA SHARMA', 51949, 'SUGANESHWARI', 'PANEL-21', 0, 0, 0, 0, 0, NULL, NULL),
(162, 'BCE', '20BCE1410', 'SAMARPAN DAS', 50443, 'NITHYANANDAM P', 'PANEL-21', 0, 0, 0, 0, 0, NULL, NULL),
(163, 'BCE', '20BCE1413', 'RAVIPATI SRUTHI KRISHNA', 50430, 'PRABHAKARAN R', 'PANEL-21', 0, 0, 0, 0, 0, NULL, NULL),
(164, 'BCE', '20BCE1415', 'SANSKRITI SANJAY KUMAR SINGH', 50390, 'ALOK CHAUHAN', 'PANEL-21', 0, 0, 0, 0, 0, NULL, NULL),
(165, 'BCE', '20BCE1416', 'KAUSHIK K', 51657, 'PAVITHRA L K', 'PANEL-21', 0, 0, 0, 0, 0, NULL, NULL),
(166, 'BCE', '20BCE1419', 'JAYDEEP DEY', 52337, 'ANANDAN P', 'PANEL-21', 0, 0, 0, 0, 0, NULL, NULL),
(167, 'BCE', '20BCE1420', 'KARTHIK RAJ R', 52337, 'ANANDAN P', 'PANEL-21', 0, 0, 0, 0, 0, NULL, NULL),
(168, 'BCE', '20BCE1421', 'KRISHNA PRASAD Y V S PURAMA', 50318, 'NIVEDITA M', 'PANEL-21', 0, 0, 0, 0, 0, NULL, NULL),
(169, 'BCE', '20BCE1424', 'RAHUL SUNOV', 50590, 'ASNATH VICTY PHAMILA Y', 'PANEL-22', 0, 0, 0, 0, 0, NULL, NULL),
(170, 'BCE', '20BCE1425', 'KRISHNA KUMAR S', 50930, 'ANUSHA K', 'PANEL-22', 0, 0, 0, 0, 0, NULL, NULL),
(171, 'BCE', '20BCE1426', 'SIDHARTH SUDHEER', 50177, 'THOMAS ABRAHAM J V', 'PANEL-22', 0, 0, 0, 0, 0, NULL, NULL),
(172, 'BCE', '20BCE1429', 'DEBDUHITA BANERJEE', 52345, 'N M ELANGO', 'PANEL-22', 0, 0, 0, 0, 0, NULL, NULL),
(173, 'BCE', '20BCE1430', 'FIDAL MATHEW', 52227, 'SHERLY A', 'PANEL-22', 0, 0, 0, 0, 0, NULL, NULL),
(174, 'BCE', '20BCE1431', 'PRASANNAKUMAR M', 53076, 'KARTHIKA V', 'PANEL-22', 0, 0, 0, 0, 0, NULL, NULL),
(175, 'BCE', '20BCE1433', 'AKSHAY KUMARAN V', 52338, 'D JEYA MALA', 'PANEL-22', 0, 0, 0, 0, 0, NULL, NULL),
(176, 'BCE', '20BCE1434', 'AKSHANSH RAWAT', 51461, 'BALASUNDARAM A', 'PANEL-22', 0, 0, 0, 0, 0, NULL, NULL),
(177, 'BCE', '20BCE1437', 'ABRAR AHAMED', 53009, 'MANJU G', 'PANEL-23', 0, 0, 0, 0, 0, NULL, NULL),
(178, 'BCE', '20BCE1438', 'KASTURE AVNEESH PARAG', 51947, 'RAJAKUMAR ', 'PANEL-23', 0, 0, 0, 0, 0, NULL, NULL),
(179, 'BCE', '20BCE1439', 'SLETZER CONCY MASCARENHAS', 52342, 'SARASWATHI D', 'PANEL-23', 0, 0, 0, 0, 0, NULL, NULL),
(180, 'BCE', '20BCE1440', 'NAFEESA FEROZE', 50422, 'PRIYADARSHINI J', 'PANEL-23', 0, 0, 0, 0, 0, NULL, NULL),
(181, 'BCE', '20BCE1441', 'KARTIK DEEPU', 52200, 'PRIYADARSHINI ', 'PANEL-23', 0, 0, 0, 0, 0, NULL, NULL),
(182, 'BCE', '20BCE1442', 'SHIVAM SHARMA', 51654, 'ASHOKA RAJAN R', 'PANEL-23', 0, 0, 0, 0, 0, NULL, NULL),
(183, 'BCE', '20BCE1445', 'UDITI GUPTA', 53011, 'DEEPIKA ROSELIND J', 'PANEL-23', 0, 0, 0, 0, 0, NULL, NULL),
(184, 'BCE', '20BCE1446', 'K SAI ARVIND', 50352, 'JENILA LIVINGSTON L M', 'PANEL-23', 0, 0, 0, 0, 0, NULL, NULL),
(185, 'BCE', '20BCE1447', 'V ARVIND NARAYANAN', 53136, 'SRIDEVI S', 'PANEL-24', 0, 0, 0, 0, 0, NULL, NULL),
(186, 'BCE', '20BCE1448', 'KUSHARE SIDDHESH VIKAS', 51654, 'ASHOKA RAJAN R', 'PANEL-24', 0, 0, 0, 0, 0, NULL, NULL),
(187, 'BCE', '20BCE1453', 'J B SHREYAA', 51325, 'PRASAD M', 'PANEL-24', 0, 0, 0, 0, 0, NULL, NULL),
(188, 'BCE', '20BCE1455', 'SHIVA CHIDAMBARAM S', 52280, 'UMA MAHESWARI', 'PANEL-24', 0, 0, 0, 0, 0, NULL, NULL),
(189, 'BCE', '20BCE1458', 'AYUSH KAPRI', 52208, 'INDRA PRIYADHARSHINI ', 'PANEL-24', 0, 0, 0, 0, 0, NULL, NULL),
(190, 'BCE', '20BCE1460', 'SREEDUTT HARIDOS', 50408, 'ANUSOOYA G', 'PANEL-24', 0, 0, 0, 0, 0, NULL, NULL),
(191, 'BCE', '20BCE1462', 'DIVYANSH PANDEY', 53053, 'ANCY MICHEAL A', 'PANEL-24', 0, 0, 0, 0, 0, NULL, NULL),
(192, 'BCE', '20BCE1463', 'MELVIN DAVID', 52208, 'INDRA PRIYADHARSHINI ', 'PANEL-24', 0, 0, 0, 0, 0, NULL, NULL),
(193, 'BCE', '20BCE1465', 'SIDDHARTH BHUTHAPURI', 53102, 'NATHEZHTHA T', 'PANEL-25', 0, 0, 0, 0, 0, NULL, NULL),
(194, 'BCE', '20BCE1468', 'RAGHAV K', 52208, 'INDRA PRIYADHARSHINI ', 'PANEL-25', 0, 0, 0, 0, 0, NULL, NULL),
(195, 'BCE', '20BCE1469', 'SURYANSH KHEMKA', 51668, 'BHANU CHANDER BALUSA', 'PANEL-25', 0, 0, 0, 0, 0, NULL, NULL),
(196, 'BCE', '20BCE1472', 'DAVE VISHV DIVYANG', 50301, 'RAJKUMAR S', 'PANEL-25', 0, 0, 0, 0, 0, NULL, NULL),
(197, 'BCE', '20BCE1475', 'CHRISTO SHARON VICTORIA W', 51682, 'PRAKASH P', 'PANEL-25', 0, 0, 0, 0, 0, NULL, NULL),
(198, 'BCE', '20BCE1476', 'MANAS N AMERIA', 50389, 'TULASI PRASAD SARIKI', 'PANEL-25', 0, 0, 0, 0, 0, NULL, NULL),
(199, 'BCE', '20BCE1477', 'RAMINEDI SANTHOSH', 50266, 'SHRIDEVI S', 'PANEL-25', 0, 0, 0, 0, 0, NULL, NULL),
(200, 'BCE', '20BCE1478', 'SHRIKAR JAYARAMAN', 53102, 'NATHEZHTHA T', 'PANEL-25', 0, 0, 0, 0, 0, NULL, NULL),
(201, 'BCE', '20BCE1479', 'MANVIK SREEDATH', 50587, 'GEETHA S', 'PANEL-26', 0, 0, 0, 0, 0, NULL, NULL),
(202, 'BCE', '20BCE1480', 'V LAKSHANYA', 52889, 'PRAVIN RENOLD A', 'PANEL-26', 0, 0, 0, 0, 0, NULL, NULL),
(203, 'BCE', '20BCE1481', 'YASH PAREKH', 52337, 'ANANDAN P', 'PANEL-26', 0, 0, 0, 0, 0, NULL, NULL),
(204, 'BCE', '20BCE1484', 'T S GAUTHAM RAJAN', 51663, 'SUBBULAKSHMI P', 'PANEL-26', 0, 0, 0, 0, 0, NULL, NULL),
(205, 'BCE', '20BCE1486', 'ABHINAV GOSWAMI', 50408, 'ANUSOOYA G', 'PANEL-26', 0, 0, 0, 0, 0, NULL, NULL),
(206, 'BCE', '20BCE1487', 'HARSHITHA R', 53018, 'LAKSHMI PRIYA B', 'PANEL-26', 0, 0, 0, 0, 0, NULL, NULL),
(207, 'BCE', '20BCE1488', 'MALE VAMSHI', 51656, 'MENAKA PUSHPA A', 'PANEL-26', 0, 0, 0, 0, 0, NULL, NULL),
(208, 'BCE', '20BCE1489', 'KARUN SANTOSH', 53124, 'SUBITHA D', 'PANEL-26', 0, 0, 0, 0, 0, NULL, NULL),
(209, 'BCE', '20BCE1490', 'SHAH ARYAN SAGAR', 53139, 'INDIRA B', 'PANEL-27', 0, 0, 0, 0, 0, NULL, NULL),
(210, 'BCE', '20BCE1493', 'ARNAV SARKAR', 51657, 'PAVITHRA L K', 'PANEL-27', 0, 0, 0, 0, 0, NULL, NULL),
(211, 'BCE', '20BCE1494', 'MANEESH MRINAL S', 50064, 'SATHIS KUMAR B', 'PANEL-27', 0, 0, 0, 0, 0, NULL, NULL),
(212, 'BCE', '20BCE1496', 'ANIKET BHUWANIA', 53101, 'AVUTHU AVINASH REDDY', 'PANEL-27', 0, 0, 0, 0, 0, NULL, NULL),
(213, 'BCE', '20BCE1497', 'YASH MALHOTRA', 53159, 'RENUKA DEVI', 'PANEL-27', 0, 0, 0, 0, 0, NULL, NULL),
(214, 'BCE', '20BCE1499', 'B VENKATA RAMAN', 50183, 'ILAKIYASELVAN N', 'PANEL-27', 0, 0, 0, 0, 0, NULL, NULL),
(215, 'BCE', '20BCE1500', 'AAYUSH SHUKLA', 51347, 'BHUVANESWARI', 'PANEL-27', 0, 0, 0, 0, 0, NULL, NULL),
(216, 'BCE', '20BCE1501', 'AKASH R', 53009, 'MANJU G', 'PANEL-27', 0, 0, 0, 0, 0, NULL, NULL),
(217, 'BCE', '20BCE1503', 'HRIDHIK JOHN SUNIL', 52195, 'A SHEIK ABDULLAH ', 'PANEL-28', 0, 0, 0, 0, 0, NULL, NULL),
(218, 'BCE', '20BCE1505', 'ARJUN BHARANI', 52337, 'ANANDAN P', 'PANEL-28', 0, 0, 0, 0, 0, NULL, NULL),
(219, 'BCE', '20BCE1506', 'VARUN VERMA', 52275, 'NOEL JEYGAR ROBERT V', 'PANEL-28', 0, 0, 0, 0, 0, NULL, NULL),
(220, 'BCE', '20BCE1511', 'KHANOLKAR TANISHKA DAMODAR', 50435, 'KARMEL A', 'PANEL-28', 0, 0, 0, 0, 0, NULL, NULL),
(221, 'BCE', '20BCE1512', 'MAYANK GODARA', 53053, 'ANCY MICHEAL A', 'PANEL-28', 0, 0, 0, 0, 0, NULL, NULL),
(222, 'BCE', '20BCE1513', 'BANERJEE SAPTAJIT SANTANU', 52879, 'RAJESH R', 'PANEL-28', 0, 0, 0, 0, 0, NULL, NULL),
(223, 'BCE', '20BCE1515', 'ADITYA PRASAD', 51658, 'PARKAVI K', 'PANEL-28', 0, 0, 0, 0, 0, NULL, NULL),
(224, 'BCE', '20BCE1518', 'MEGHRAJ VYAS', 52264, 'KRITHIGA R', 'PANEL-28', 0, 0, 0, 0, 0, NULL, NULL),
(225, 'BCE', '20BCE1519', 'ADARSH PRASAD', 50168, 'PATTABIRAMAN V', 'PANEL-29', 0, 0, 0, 0, 0, NULL, NULL),
(226, 'BCE', '20BCE1520', 'VINAYAK AGRAWAL', 52275, 'NOEL JEYGAR ROBERT V', 'PANEL-29', 0, 0, 0, 0, 0, NULL, NULL),
(227, 'BCE', '20BCE1523', 'YUVRAJ DUTT BAJPAI', 51658, 'PARKAVI K', 'PANEL-29', 0, 0, 0, 0, 0, NULL, NULL),
(228, 'BCE', '20BCE1524', 'MAHIR', 50299, 'S. BHARATHI RAJA', 'PANEL-29', 0, 0, 0, 0, 0, NULL, NULL),
(229, 'BCE', '20BCE1525', 'ABIRAMI UNNA ASHOK', 50394, 'NACHIYAPPAN S', 'PANEL-29', 0, 0, 0, 0, 0, NULL, NULL),
(230, 'BCE', '20BCE1526', 'GOVIND ANUJ KUMAR', 52215, 'SUGUNA', 'PANEL-29', 0, 0, 0, 0, 0, NULL, NULL),
(231, 'BCE', '20BCE1528', 'K G SHANKIYA', 50301, 'RAJKUMAR S', 'PANEL-29', 0, 0, 0, 0, 0, NULL, NULL),
(232, 'BCE', '20BCE1530', 'SIGHAKOLLI VAIBHAV', 52195, 'A SHEIK ABDULLAH ', 'PANEL-29', 0, 0, 0, 0, 0, NULL, NULL),
(233, 'BCE', '20BCE1532', 'JINEN RATHORE', 51659, 'SHIVANI GUPTA', 'PANEL-30', 0, 0, 0, 0, 0, NULL, NULL),
(234, 'BCE', '20BCE1535', 'SAHITHYA S', 52312, 'KIRUTHIKA ', 'PANEL-30', 0, 0, 0, 0, 0, NULL, NULL),
(235, 'BCE', '20BCE1536', 'KRITIN D MADHAVAN', 52283, 'MONICA', 'PANEL-30', 0, 0, 0, 0, 0, NULL, NULL),
(236, 'BCE', '20BCE1537', 'SANJAY R R', 52889, 'PRAVIN RENOLD A', 'PANEL-30', 0, 0, 0, 0, 0, NULL, NULL),
(237, 'BCE', '20BCE1538', 'MAYANK GUPTA', 50587, 'GEETHA S', 'PANEL-30', 0, 0, 0, 0, 0, NULL, NULL),
(238, 'BCE', '20BCE1539', 'DEEPJYOTI KOLEY', 50168, 'PATTABIRAMAN V', 'PANEL-30', 0, 0, 0, 0, 0, NULL, NULL),
(239, 'BCE', '20BCE1541', 'SREELAKSHMI MANOJKUMAR', 52227, 'SHERLY A', 'PANEL-30', 0, 0, 0, 0, 0, NULL, NULL),
(240, 'BCE', '20BCE1543', 'GUGGILAM AMARNATH', 51659, 'SHIVANI GUPTA', 'PANEL-30', 0, 0, 0, 0, 0, NULL, NULL),
(241, 'BCE', '20BCE1544', 'SHREYAS SAI', 50007, 'SIVAGAMI   M', 'PANEL-31', 0, 0, 0, 0, 0, NULL, NULL),
(242, 'BCE', '20BCE1545', 'SURAVARAM RISHABH REDDY', 52835, 'SUJITHRA @ KANMANI R', 'PANEL-31', 0, 0, 0, 0, 0, NULL, NULL),
(243, 'BCE', '20BCE1547', 'ANEGHA JAIN', 53154, 'RAMA PARVATHY L', 'PANEL-31', 0, 0, 0, 0, 0, NULL, NULL),
(244, 'BCE', '20BCE1548', 'TIRTH VISHALBHAI DAVE', 50063, 'S.A.SAJIDHA', 'PANEL-31', 0, 0, 0, 0, 0, NULL, NULL),
(245, 'BCE', '20BCE1549', 'SUDEEKSHA GANGULI', 53049, 'REVATHI A R', 'PANEL-31', 0, 0, 0, 0, 0, NULL, NULL),
(246, 'BCE', '20BCE1550', 'SAMRIDH ANAND PAATNI', 53053, 'ANCY MICHEAL A', 'PANEL-31', 0, 0, 0, 0, 0, NULL, NULL),
(247, 'BCE', '20BCE1551', 'BACHAM SAI VENKATA TEJA', 53073, 'SENTHIL PRAKASH P N', 'PANEL-31', 0, 0, 0, 0, 0, NULL, NULL),
(248, 'BCE', '20BCE1553', 'MALLAPALLI KUSUMASAI', 50270, 'VIJAYALAKSHMI A', 'PANEL-31', 0, 0, 0, 0, 0, NULL, NULL),
(249, 'BCE', '20BCE1554', 'ATHARVA VINOD UMBRE', 50587, 'GEETHA S', 'PANEL-32', 0, 0, 0, 0, 0, NULL, NULL),
(250, 'BCE', '20BCE1555', 'UJJWAL GUPTA', 50430, 'PRABHAKARAN R', 'PANEL-32', 0, 0, 0, 0, 0, NULL, NULL),
(251, 'BCE', '20BCE1556', 'VANZARA JUI SAMIRBHAI', 50398, 'SIVABALAKRISHNAN M', 'PANEL-32', 0, 0, 0, 0, 0, NULL, NULL),
(252, 'BCE', '20BCE1557', 'ADARSH KUMAR', 52275, 'NOEL JEYGAR ROBERT V', 'PANEL-32', 0, 0, 0, 0, 0, NULL, NULL),
(253, 'BCE', '20BCE1559', 'VIGYA SHARMA', 52299, 'JOE DHANITH', 'PANEL-32', 0, 0, 0, 0, 0, NULL, NULL),
(254, 'BCE', '20BCE1561', 'KEERTHANA V', 52195, 'A SHEIK ABDULLAH ', 'PANEL-32', 0, 0, 0, 0, 0, NULL, NULL),
(255, 'BCE', '20BCE1562', 'MANDAR MANOJ NAIK', 53154, 'RAMA PARVATHY L', 'PANEL-32', 0, 0, 0, 0, 0, NULL, NULL),
(256, 'BCE', '20BCE1563', 'P SHRI VARSHAN', 52858, 'SUGANYA R', 'PANEL-32', 0, 0, 0, 0, 0, NULL, NULL),
(257, 'BCE', '20BCE1564', 'MELVIN MATHEW JOHNCY', 52204, 'MANIMEGALAI ', 'PANEL-33', 0, 0, 0, 0, 0, NULL, NULL),
(258, 'BCE', '20BCE1566', 'FAYYAZ KHALID', 53124, 'SUBITHA D', 'PANEL-33', 0, 0, 0, 0, 0, NULL, NULL),
(259, 'BCE', '20BCE1567', 'SHAHEEN SUBAH', 50178, 'APPALARAJU MURALIDHAR', 'PANEL-33', 0, 0, 0, 0, 0, NULL, NULL),
(260, 'BCE', '20BCE1569', 'DHRUVIBEN AJITSINH PRANKADA', 51948, 'SUDHA ', 'PANEL-33', 0, 0, 0, 0, 0, NULL, NULL),
(261, 'BCE', '20BCE1570', 'AMRUTHA ANNADURAI', 51457, 'MANAS RANJAN PRUSTY', 'PANEL-33', 0, 0, 0, 0, 0, NULL, NULL),
(262, 'BCE', '20BCE1571', 'VAISHNAVI SREEDHAR JAWALKAR', 52799, 'BENIL T', 'PANEL-33', 0, 0, 0, 0, 0, NULL, NULL),
(263, 'BCE', '20BCE1572', 'VISHNU MENON', 53077, 'LAKSHMI HARIKA PALIVELA', 'PANEL-33', 0, 0, 0, 0, 0, NULL, NULL),
(264, 'BCE', '20BCE1573', 'AKSHAY GIRISH', 53166, 'MARIMUTHU', 'PANEL-33', 0, 0, 0, 0, 0, NULL, NULL),
(265, 'BCE', '20BCE1577', 'PRAFUL MITTAL', 50440, 'SRIDHAR R', 'PANEL-34', 0, 0, 0, 0, 0, NULL, NULL),
(266, 'BCE', '20BCE1578', 'S PRIYANKA', 53353, 'PRABU S', 'PANEL-34', 0, 0, 0, 0, 0, NULL, NULL),
(267, 'BCE', '20BCE1580', 'IJAS SIJU', 53353, 'PRABU S', 'PANEL-34', 0, 0, 0, 0, 0, NULL, NULL),
(268, 'BCE', '20BCE1581', 'MEGHA NATH', 53154, 'RAMA PARVATHY L', 'PANEL-34', 0, 0, 0, 0, 0, NULL, NULL),
(269, 'BCE', '20BCE1583', 'HARI PRANAV J P', 50201, 'UMITTY SRINIVASA RAO', 'PANEL-34', 0, 0, 0, 0, 0, NULL, NULL),
(270, 'BCE', '20BCE1586', 'ACHYUT G', 52777, 'SENDHIL R', 'PANEL-34', 0, 0, 0, 0, 0, NULL, NULL),
(271, 'BCE', '20BCE1587', 'RAPARLA PUJA SRI PAVANI', 52799, 'BENIL T', 'PANEL-34', 0, 0, 0, 0, 0, NULL, NULL),
(272, 'BCE', '20BCE1593', 'SUSAN RAY', 52245, 'SAHAYA BENI PRATHIBA B', 'PANEL-34', 0, 0, 0, 0, 0, NULL, NULL),
(273, 'BCE', '20BCE1594', 'YUVANSH SAINI', 51659, 'SHIVANI GUPTA', 'PANEL-35', 0, 0, 0, 0, 0, NULL, NULL),
(274, 'BCE', '20BCE1596', 'SAKSHAM KUHAR', 50926, 'JAYANTHI R', 'PANEL-35', 0, 0, 0, 0, 0, NULL, NULL),
(275, 'BCE', '20BCE1597', 'NIRAV SANJAY BHATT', 51754, 'RADHA R', 'PANEL-35', 0, 0, 0, 0, 0, NULL, NULL),
(276, 'BCE', '20BCE1600', 'VICTOR SHAMEER CHAZHOOR', 51662, 'ANITA X', 'PANEL-35', 0, 0, 0, 0, 0, NULL, NULL),
(277, 'BCE', '20BCE1601', 'SUJAY LAL', 51657, 'PAVITHRA L K', 'PANEL-35', 0, 0, 0, 0, 0, NULL, NULL),
(278, 'BCE', '20BCE1602', 'ASHUTOSH PATHAK', 52610, 'DOMINIC SAVIO M', 'PANEL-35', 0, 0, 0, 0, 0, NULL, NULL),
(279, 'BCE', '20BCE1603', 'ANSH RAAJ', 50396, 'PRADEEP K V', 'PANEL-35', 0, 0, 0, 0, 0, NULL, NULL),
(280, 'BCE', '20BCE1605', 'AMBATI SESHA SAI SAHITHYA', 51662, 'ANITA X', 'PANEL-35', 0, 0, 0, 0, 0, NULL, NULL),
(281, 'BCE', '20BCE1606', 'ANURAAG VADDI', 53075, 'KAJA MOHIDEEN A', 'PANEL-36', 0, 0, 0, 0, 0, NULL, NULL),
(282, 'BCE', '20BCE1607', 'CHIRAG GOEL', 51662, 'ANITA X', 'PANEL-36', 0, 0, 0, 0, 0, NULL, NULL),
(283, 'BCE', '20BCE1609', 'SHREYA S NAIR', 52336, 'MANJULA D ', 'PANEL-36', 0, 0, 0, 0, 0, NULL, NULL),
(284, 'BCE', '20BCE1610', 'ATHUL ROBERT R B', 51142, 'JANI ANBARASI L', 'PANEL-36', 0, 0, 0, 0, 0, NULL, NULL),
(285, 'BCE', '20BCE1611', 'JAGDISH SHYAMSUNDAR SINDHI', 53048, 'MALINI DEEPIKA ', 'PANEL-36', 0, 0, 0, 0, 0, NULL, NULL),
(286, 'BCE', '20BCE1612', 'KHUSHI HABBU', 51663, 'SUBBULAKSHMI P', 'PANEL-36', 0, 0, 0, 0, 0, NULL, NULL),
(287, 'BCE', '20BCE1613', 'C LANSTON DAVIS', 51663, 'SUBBULAKSHMI P', 'PANEL-36', 0, 0, 0, 0, 0, NULL, NULL),
(288, 'BCE', '20BCE1615', 'DEEPSHIKA V', 52309, 'SMRITHY', 'PANEL-36', 0, 0, 0, 0, 0, NULL, NULL),
(289, 'BCE', '20BCE1617', 'AAKASH GOYAL', 52889, 'PRAVIN RENOLD A', 'PANEL-37', 0, 0, 0, 0, 0, NULL, NULL),
(290, 'BCE', '20BCE1618', 'GOVIND AGARWAL', 51665, 'AMRIT PAL', 'PANEL-37', 0, 0, 0, 0, 0, NULL, NULL),
(291, 'BCE', '20BCE1619', 'J AADITHYA', 52247, 'TAMILARASI K', 'PANEL-37', 0, 0, 0, 0, 0, NULL, NULL),
(292, 'BCE', '20BCE1620', 'ROHIT KUMAR', 51748, 'PRADEEP K', 'PANEL-37', 0, 0, 0, 0, 0, NULL, NULL),
(293, 'BCE', '20BCE1624', 'RIDDHIMAN R', 51663, 'SUBBULAKSHMI P', 'PANEL-37', 0, 0, 0, 0, 0, NULL, NULL),
(294, 'BCE', '20BCE1626', 'JAYASURYA B', 53025, 'PALANI THANARAJ K', 'PANEL-37', 0, 0, 0, 0, 0, NULL, NULL),
(295, 'BCE', '20BCE1627', 'VATTEM KARTHIK', 52195, 'A SHEIK ABDULLAH ', 'PANEL-37', 0, 0, 0, 0, 0, NULL, NULL),
(296, 'BCE', '20BCE1629', 'ANOUSKA ACHARYA', 53103, 'PADMANABAN R', 'PANEL-37', 0, 0, 0, 0, 0, NULL, NULL),
(297, 'BCE', '20BCE1630', 'MOHAMED ASHRAF ALI K', 51663, 'SUBBULAKSHMI P', 'PANEL-38', 0, 0, 0, 0, 0, NULL, NULL),
(298, 'BCE', '20BCE1631', 'SHUBHAM SHARMA', 51651, 'MUTHUKUMARAN K', 'PANEL-38', 0, 0, 0, 0, 0, NULL, NULL),
(299, 'BCE', '20BCE1634', 'IYER ISHAAN GANESH', 52295, 'JOSHAN ', 'PANEL-38', 0, 0, 0, 0, 0, NULL, NULL),
(300, 'BCE', '20BCE1638', 'CHRIS MANSHARAMANI', 50396, 'PRADEEP K V', 'PANEL-38', 0, 0, 0, 0, 0, NULL, NULL),
(301, 'BCE', '20BCE1643', 'SHETYE AVANEESH', 50435, 'KARMEL A', 'PANEL-38', 0, 0, 0, 0, 0, NULL, NULL),
(302, 'BCE', '20BCE1644', 'ARUSHI ANAND', 52349, 'SENTHIL KUMAR A M', 'PANEL-38', 0, 0, 0, 0, 0, NULL, NULL),
(303, 'BCE', '20BCE1645', 'PRANVAT SINGH', 53046, 'SRISAKTHI SARAVANAN', 'PANEL-38', 0, 0, 0, 0, 0, NULL, NULL),
(304, 'BCE', '20BCE1646', 'VIJAY ANAND M K', 52263, 'OM KUMAR C U', 'PANEL-38', 0, 0, 0, 0, 0, NULL, NULL),
(305, 'BCE', '20BCE1647', 'KABILAN P', 51677, 'VEDHAPRIYAVADHANA', 'PANEL-39', 0, 0, 0, 0, 0, NULL, NULL),
(306, 'BCE', '20BCE1649', 'LAKSHITHA S K', 50410, 'SANDHYA P', 'PANEL-39', 0, 0, 0, 0, 0, NULL, NULL),
(307, 'BCE', '20BCE1650', 'AMRITANSH ANAND', 53037, 'LEKI CHOM THUNGON', 'PANEL-39', 0, 0, 0, 0, 0, NULL, NULL),
(308, 'BCE', '20BCE1651', 'SPARSH WABHALE', 50185, 'SATHYARAJASEKARAN K', 'PANEL-39', 0, 0, 0, 0, 0, NULL, NULL),
(309, 'BCE', '20BCE1652', 'KAUSHIK RAM P', 53069, 'AFRUZA BEGUM', 'PANEL-39', 0, 0, 0, 0, 0, NULL, NULL),
(310, 'BCE', '20BCE1653', 'PARTH TIWARI', 53103, 'PADMANABAN R', 'PANEL-39', 0, 0, 0, 0, 0, NULL, NULL),
(311, 'BCE', '20BCE1655', 'DONTHIREDDY SAKETH REDDY', 51668, 'BHANU CHANDER BALUSA', 'PANEL-39', 0, 0, 0, 0, 0, NULL, NULL),
(312, 'BCE', '20BCE1656', 'NEERAJ S', 53069, 'AFRUZA BEGUM', 'PANEL-39', 0, 0, 0, 0, 0, NULL, NULL),
(313, 'BCE', '20BCE1658', 'ATTHUNURI RAJESH REDDY', 50314, 'KAVYA ALLURU', 'PANEL-40', 0, 0, 0, 0, 0, NULL, NULL),
(314, 'BCE', '20BCE1660', 'ISHA KARN', 50183, 'ILAKIYASELVAN N', 'PANEL-40', 0, 0, 0, 0, 0, NULL, NULL),
(315, 'BCE', '20BCE1662', 'AMAN MISHRA', 52303, 'REENA ROY R', 'PANEL-40', 0, 0, 0, 0, 0, NULL, NULL),
(316, 'BCE', '20BCE1666', 'ATHOTA PRASANTH CHOWDARY', 53063, 'RATHNA', 'PANEL-40', 0, 0, 0, 0, 0, NULL, NULL),
(317, 'BCE', '20BCE1668', 'SHISHIR SHRIVASTAVA', 53154, 'RAMA PARVATHY L', 'PANEL-40', 0, 0, 0, 0, 0, NULL, NULL),
(318, 'BCE', '20BCE1669', 'SWETHA B', 50250, 'MAHESWARI S', 'PANEL-40', 0, 0, 0, 0, 0, NULL, NULL),
(319, 'BCE', '20BCE1670', 'SHARAN KRISHNA', 52859, 'SOBITHA AHILA S', 'PANEL-40', 0, 0, 0, 0, 0, NULL, NULL),
(320, 'BCE', '20BCE1671', 'PRANJAL TIWARI', 52204, 'MANIMEGALAI ', 'PANEL-40', 0, 0, 0, 0, 0, NULL, NULL),
(321, 'BCE', '20BCE1672', 'HARIKRISHNAN R', 53018, 'LAKSHMI PRIYA B', 'PANEL-41', 0, 0, 0, 0, 0, NULL, NULL),
(322, 'BCE', '20BCE1675', 'LOKESHWARAN R', 53009, 'MANJU G', 'PANEL-41', 0, 0, 0, 0, 0, NULL, NULL),
(323, 'BCE', '20BCE1676', 'SHARAN N', 52879, 'RAJESH R', 'PANEL-41', 0, 0, 0, 0, 0, NULL, NULL),
(324, 'BCE', '20BCE1677', 'SHYAM K', 52835, 'SUJITHRA @ KANMANI R', 'PANEL-41', 0, 0, 0, 0, 0, NULL, NULL),
(325, 'BCE', '20BCE1678', 'SURAJ C S', 52823, 'GANESH N', 'PANEL-41', 0, 0, 0, 0, 0, NULL, NULL),
(326, 'BCE', '20BCE1680', 'DIKSHANT GUPTA', 51656, 'MENAKA PUSHPA A', 'PANEL-41', 0, 0, 0, 0, 0, NULL, NULL),
(327, 'BCE', '20BCE1681', 'ASHAR IRRFANA H', 52332, 'JAISAKTHI  S M', 'PANEL-41', 0, 0, 0, 0, 0, NULL, NULL),
(328, 'BCE', '20BCE1683', 'LOKESH KUMAR', 51657, 'PAVITHRA L K', 'PANEL-41', 0, 0, 0, 0, 0, NULL, NULL),
(329, 'BCE', '20BCE1684', 'J HARIKRISHNA', 52610, 'DOMINIC SAVIO M', 'PANEL-42', 0, 0, 0, 0, 0, NULL, NULL),
(330, 'BCE', '20BCE1687', 'KANNA LAKSHMI DATHATREYA', 52312, 'KIRUTHIKA ', 'PANEL-42', 0, 0, 0, 0, 0, NULL, NULL),
(331, 'BCE', '20BCE1688', 'KUNAL VISHWA S', 50403, 'RAJESH M', 'PANEL-42', 0, 0, 0, 0, 0, NULL, NULL),
(332, 'BCE', '20BCE1689', 'HRITHIK D', 50178, 'APPALARAJU MURALIDHAR', 'PANEL-42', 0, 0, 0, 0, 0, NULL, NULL),
(333, 'BCE', '20BCE1691', 'JORJY KHANDELWAL', 53145, 'VIGNESH U', 'PANEL-42', 0, 0, 0, 0, 0, NULL, NULL),
(334, 'BCE', '20BCE1692', 'V GANESH', 53094, 'KAVIYA ELAKKIYA M', 'PANEL-42', 0, 0, 0, 0, 0, NULL, NULL),
(335, 'BCE', '20BCE1693', 'SANKALP KALA', 50440, 'SRIDHAR R', 'PANEL-42', 0, 0, 0, 0, 0, NULL, NULL),
(336, 'BCE', '20BCE1694', 'KANIKA SAHNI', 51667, 'LENINISHA SHANMUGAM', 'PANEL-42', 0, 0, 0, 0, 0, NULL, NULL),
(337, 'BCE', '20BCE1696', 'YOGESH HARLALKA', 52303, 'REENA ROY R', 'PANEL-43', 0, 0, 0, 0, 0, NULL, NULL),
(338, 'BCE', '20BCE1698', 'HARSHIT VERMA', 50289, 'M. PREMALATHA', 'PANEL-43', 0, 0, 0, 0, 0, NULL, NULL),
(339, 'BCE', '20BCE1699', 'Sudarsun S', 50318, 'Nivedita M', 'PANEL-43', 0, 0, 0, 0, 0, NULL, NULL),
(340, 'BCE', '20BCE1700', 'ANSHUL DHAKAR', 52192, 'VALARMATHI ', 'PANEL-43', 0, 0, 0, 0, 0, NULL, NULL),
(341, 'BCE', '20BCE1701', 'PRIYANSHU KAPOOR', 53046, 'SRISAKTHI SARAVANAN', 'PANEL-43', 0, 0, 0, 0, 0, NULL, NULL),
(342, 'BCE', '20BCE1702', 'BHARGAV R', 52263, 'OM KUMAR C U', 'PANEL-43', 0, 0, 0, 0, 0, NULL, NULL),
(343, 'BCE', '20BCE1705', 'RAJIV P', 52336, 'MANJULA D ', 'PANEL-43', 0, 0, 0, 0, 0, NULL, NULL),
(344, 'BCE', '20BCE1706', 'GATIK MADAAN', 52835, 'SUJITHRA @ KANMANI R', 'PANEL-43', 0, 0, 0, 0, 0, NULL, NULL),
(345, 'BCE', '20BCE1709', 'PRASHANT KUMAR SHARMA', 53018, 'LAKSHMI PRIYA B', 'PANEL-44', 0, 0, 0, 0, 0, NULL, NULL),
(346, 'BCE', '20BCE1710', 'TANVI SHRIKHANDE', 51667, 'LENINISHA SHANMUGAM', 'PANEL-44', 0, 0, 0, 0, 0, NULL, NULL),
(347, 'BCE', '20BCE1711', 'K TEJAS', 52283, 'MONICA', 'PANEL-44', 0, 0, 0, 0, 0, NULL, NULL),
(348, 'BCE', '20BCE1712', 'S SAISAKTHI', 52332, 'JAISAKTHI  S M', 'PANEL-44', 0, 0, 0, 0, 0, NULL, NULL),
(349, 'BCE', '20BCE1714', 'UJJWAL KANTI PRAMANICK', 51665, 'AMRIT PAL', 'PANEL-44', 0, 0, 0, 0, 0, NULL, NULL),
(350, 'BCE', '20BCE1715', 'DASARI NAGAVENI', 53166, 'MARIMUTHU', 'PANEL-44', 0, 0, 0, 0, 0, NULL, NULL),
(351, 'BCE', '20BCE1718', 'ANIRUDH VANNARATH', 53353, 'PRABU S', 'PANEL-44', 0, 0, 0, 0, 0, NULL, NULL),
(352, 'BCE', '20BCE1719', 'SAPTARSHI MUKHERJEE', 52194, 'ABISHI CHOWDHURY', 'PANEL-44', 0, 0, 0, 0, 0, NULL, NULL),
(353, 'BCE', '20BCE1720', 'A VENKATA VIGNESH REDDY', 50400, 'GAYATHRI R', 'PANEL-45', 0, 0, 0, 0, 0, NULL, NULL),
(354, 'BCE', '20BCE1722', 'PRIYANKA GYANCHANDANI', 52200, 'PRIYADARSHINI ', 'PANEL-45', 0, 0, 0, 0, 0, NULL, NULL),
(355, 'BCE', '20BCE1723', 'DINESH RAGAV N', 51668, 'BHANU CHANDER BALUSA', 'PANEL-45', 0, 0, 0, 0, 0, NULL, NULL),
(356, 'BCE', '20BCE1724', 'RAHUL SIVASELVAM', 53343, 'LEKSHMI K', 'PANEL-45', 0, 0, 0, 0, 0, NULL, NULL),
(357, 'BCE', '20BCE1727', 'AKSHAYA RAMACHANDRAN', 52278, 'MANJULA V', 'PANEL-45', 0, 0, 0, 0, 0, NULL, NULL),
(358, 'BCE', '20BCE1728', 'CHATARKAR SANJYOT PRAKASH', 51668, 'BHANU CHANDER BALUSA', 'PANEL-45', 0, 0, 0, 0, 0, NULL, NULL),
(359, 'BCE', '20BCE1729', 'ARUN RAMAKRISHNAN', 52312, 'KIRUTHIKA ', 'PANEL-45', 0, 0, 0, 0, 0, NULL, NULL),
(360, 'BCE', '20BCE1730', 'B YESHWANTH', 51329, 'A. K ILAVARASI', 'PANEL-45', 0, 0, 0, 0, 0, NULL, NULL),
(361, 'BCE', '20BCE1731', 'ARNAV SINGH', 53017, 'JANNATH NISHA O S', 'PANEL-46', 0, 0, 0, 0, 0, NULL, NULL),
(362, 'BCE', '20BCE1733', 'ASHWIN K S', 52232, 'ABINAYA S', 'PANEL-46', 0, 0, 0, 0, 0, NULL, NULL),
(363, 'BCE', '20BCE1734', 'MRIDUL JADON', 50289, 'M. PREMALATHA', 'PANEL-46', 0, 0, 0, 0, 0, NULL, NULL),
(364, 'BCE', '20BCE1735', 'NARASAMBATTU SRI SISHVIK', 50201, 'UMITTY SRINIVASA RAO', 'PANEL-46', 0, 0, 0, 0, 0, NULL, NULL),
(365, 'BCE', '20BCE1736', 'GANDRATH ARYAN', 52879, 'RAJESH R', 'PANEL-46', 0, 0, 0, 0, 0, NULL, NULL),
(366, 'BCE', '20BCE1737', 'RAKSHA ARULOLI', 52280, 'UMA MAHESWARI', 'PANEL-46', 0, 0, 0, 0, 0, NULL, NULL),
(367, 'BCE', '20BCE1738', 'ANIRUDHA AGARWAL', 50430, 'PRABHAKARAN R', 'PANEL-46', 0, 0, 0, 0, 0, NULL, NULL),
(368, 'BCE', '20BCE1739', 'SNEHA MAKESH', 53069, 'AFRUZA BEGUM', 'PANEL-46', 0, 0, 0, 0, 0, NULL, NULL),
(369, 'BCE', '20BCE1741', 'VASANTH YARLAGADDA', 51665, 'AMRIT PAL', 'PANEL-47', 0, 0, 0, 0, 0, NULL, NULL),
(370, 'BCE', '20BCE1742', 'MOHAN RAM R', 51669, 'A SWAMINATHAN', 'PANEL-47', 0, 0, 0, 0, 0, NULL, NULL),
(371, 'BCE', '20BCE1743', 'ADHAV M', 50916, 'RENUKA DEVI S', 'PANEL-47', 0, 0, 0, 0, 0, NULL, NULL),
(372, 'BCE', '20BCE1745', 'PRANAV ADITHYA NARAYANAN', 51329, 'A. K ILAVARASI', 'PANEL-47', 0, 0, 0, 0, 0, NULL, NULL),
(373, 'BCE', '20BCE1749', 'SAURAV PANDEY', 52336, 'MANJULA D ', 'PANEL-47', 0, 0, 0, 0, 0, NULL, NULL),
(374, 'BCE', '20BCE1750', 'RITESH RAJPUT', 53027, 'SUDHEER KUMAR E', 'PANEL-47', 0, 0, 0, 0, 0, NULL, NULL),
(375, 'BCE', '20BCE1751', 'PRANAY PRATIK', 52799, 'BENIL T', 'PANEL-47', 0, 0, 0, 0, 0, NULL, NULL),
(376, 'BCE', '20BCE1752', 'NAVUR SAI CHARAN', 51669, 'A SWAMINATHAN', 'PANEL-47', 0, 0, 0, 0, 0, NULL, NULL),
(377, 'BCE', '20BCE1753', 'G V SAGAR', 52295, 'JOSHAN ', 'PANEL-48', 0, 0, 0, 0, 0, NULL, NULL),
(378, 'BCE', '20BCE1754', 'JASLEEN KAUR BALI', 53077, 'LAKSHMI HARIKA PALIVELA', 'PANEL-48', 0, 0, 0, 0, 0, NULL, NULL),
(379, 'BCE', '20BCE1755', 'SRIRAM M', 53034, 'ELAKIA E', 'PANEL-48', 0, 0, 0, 0, 0, NULL, NULL),
(380, 'BCE', '20BCE1756', 'MAHI MAANAS REDDY', 52825, 'VATCHALA S', 'PANEL-48', 0, 0, 0, 0, 0, NULL, NULL),
(381, 'BCE', '20BCE1757', 'SHAURYA DHOUNDIYAL', 53037, 'LEKI CHOM THUNGON', 'PANEL-48', 0, 0, 0, 0, 0, NULL, NULL),
(382, 'BCE', '20BCE1759', 'ABHINAV SIVAKUMAR', 50440, 'SRIDHAR R', 'PANEL-48', 0, 0, 0, 0, 0, NULL, NULL),
(383, 'BCE', '20BCE1760', 'KUMAR VIGYAT', 53137, 'DHAVAKUMAR P', 'PANEL-48', 0, 0, 0, 0, 0, NULL, NULL),
(384, 'BCE', '20BCE1764', 'ROSHAN V L', 53009, 'MANJU G', 'PANEL-48', 0, 0, 0, 0, 0, NULL, NULL),
(385, 'BCE', '20BCE1765', 'VISHAK NAIR', 50289, 'M. PREMALATHA', 'PANEL-49', 0, 0, 0, 0, 0, NULL, NULL),
(386, 'BCE', '20BCE1766', 'SURYA NARAYANAN K S', 50159, 'HARINI S', 'PANEL-49', 0, 0, 0, 0, 0, NULL, NULL),
(387, 'BCE', '20BCE1767', 'SRIHARAN R', 53076, 'KARTHIKA V', 'PANEL-49', 0, 0, 0, 0, 0, NULL, NULL),
(388, 'BCE', '20BCE1768', 'SHASHANK SHARMA', 52209, 'KAVITHA', 'PANEL-49', 0, 0, 0, 0, 0, NULL, NULL),
(389, 'BCE', '20BCE1769', 'Rupula Shivanand Brindha', 53161, 'Prem Sankar N', 'PANEL-49', 0, 0, 0, 0, 0, NULL, NULL),
(390, 'BCE', '20BCE1770', 'AVISI SACHAN', 51667, 'LENINISHA SHANMUGAM', 'PANEL-49', 0, 0, 0, 0, 0, NULL, NULL),
(391, 'BCE', '20BCE1771', 'Prateek Karn', 50161, 'NAYEEMULLA KHAN', 'PANEL-49', 0, 0, 0, 0, 0, NULL, NULL),
(392, 'BCE', '20BCE1772', 'TARUN JAGADISH', 50176, 'GRACELINE JASMINE S', 'PANEL-49', 0, 0, 0, 0, 0, NULL, NULL),
(393, 'BCE', '20BCE1773', 'ARCHIT AGARWAL', 52309, 'SMRITHY', 'PANEL-50', 0, 0, 0, 0, 0, NULL, NULL),
(394, 'BCE', '20BCE1774', 'NAMANA SITA RAM', 52823, 'GANESH N', 'PANEL-50', 0, 0, 0, 0, 0, NULL, NULL),
(395, 'BCE', '20BCE1775', 'DHANUSH KODI K J', 53074, 'SUDHARSON S', 'PANEL-50', 0, 0, 0, 0, 0, NULL, NULL),
(396, 'BCE', '20BCE1776', 'PREAMJI G K', 50384, 'NEELANARAYANAN V', 'PANEL-50', 0, 0, 0, 0, 0, NULL, NULL),
(397, 'BCE', '20BCE1777', 'RISHABH SINGH', 51962, 'SHRUTI ', 'PANEL-50', 0, 0, 0, 0, 0, NULL, NULL),
(398, 'BCE', '20BCE1778', 'JONATHAN TARUN', 53069, 'AFRUZA BEGUM', 'PANEL-50', 0, 0, 0, 0, 0, NULL, NULL),
(399, 'BCE', '20BCE1779', 'PATEL VEDANT VIKRAMBHAI', 52354, 'VINOTHINI A', 'PANEL-50', 0, 0, 0, 0, 0, NULL, NULL),
(400, 'BCE', '20BCE1780', 'RAJAN SINGH', 52194, 'ABISHI CHOWDHURY', 'PANEL-50', 0, 0, 0, 0, 0, NULL, NULL),
(401, 'BCE', '20BCE1781', 'SHIKHAR RAGHUVANSHI', 52335, 'AMUTHA S', 'PANEL-51', 0, 0, 0, 0, 0, NULL, NULL),
(402, 'BCE', '20BCE1782', 'VIGNESH S', 50616, 'JANAKI MEENA M', 'PANEL-51', 0, 0, 0, 0, 0, NULL, NULL),
(403, 'BCE', '20BCE1783', 'RISHANK SHARMA', 52341, 'PRAVEEN JOE I R', 'PANEL-51', 0, 0, 0, 0, 0, NULL, NULL),
(404, 'BCE', '20BCE1784', 'SRUJANKUMAR R AKKASALIGAR', 52204, 'MANIMEGALAI ', 'PANEL-51', 0, 0, 0, 0, 0, NULL, NULL),
(405, 'BCE', '20BCE1786', 'KIRAN M', 53102, 'NATHEZHTHA T', 'PANEL-51', 0, 0, 0, 0, 0, NULL, NULL),
(406, 'BCE', '20BCE1788', 'ANCHANA V', 52345, 'N M ELANGO', 'PANEL-51', 0, 0, 0, 0, 0, NULL, NULL),
(407, 'BCE', '20BCE1789', 'YASH SETH', 50007, 'SIVAGAMI   M', 'PANEL-51', 0, 0, 0, 0, 0, NULL, NULL),
(408, 'BCE', '20BCE1792', 'ANISH JAIN', 52279, 'RAMA PRABHA ', 'PANEL-51', 0, 0, 0, 0, 0, NULL, NULL),
(409, 'BCE', '20BCE1793', 'SIDDENKI JAYANTH REDDY', 51669, 'A SWAMINATHAN', 'PANEL-52', 0, 0, 0, 0, 0, NULL, NULL),
(410, 'BCE', '20BCE1794', 'SHREYA SIVAKUMAR', 53353, 'PRABU S', 'PANEL-52', 0, 0, 0, 0, 0, NULL, NULL),
(411, 'BCE', '20BCE1795', 'PRATHAM JAISWAL', 51672, 'RISHIKESHAN C A', 'PANEL-52', 0, 0, 0, 0, 0, NULL, NULL),
(412, 'BCE', '20BCE1797', 'A PHILIP', 50400, 'GAYATHRI R', 'PANEL-52', 0, 0, 0, 0, 0, NULL, NULL),
(413, 'BCE', '20BCE1800', 'TRIPATHI DEEPANSH RAJNEESH', 52303, 'REENA ROY R', 'PANEL-52', 0, 0, 0, 0, 0, NULL, NULL),
(414, 'BCE', '20BCE1801', 'LOVE ANAND ADLAKHA', 50926, 'JAYANTHI R', 'PANEL-52', 0, 0, 0, 0, 0, NULL, NULL),
(415, 'BCE', '20BCE1802', 'PRAGNYA PRAKASH PANDA', 53027, 'SUDHEER KUMAR E', 'PANEL-52', 0, 0, 0, 0, 0, NULL, NULL),
(416, 'BCE', '20BCE1803', 'K SHANMUKAPRIYA', 51325, 'PRASAD M', 'PANEL-52', 0, 0, 0, 0, 0, NULL, NULL),
(417, 'BCE', '20BCE1804', 'ASHWIN SIVASANKAR V', 50352, 'JENILA LIVINGSTON L M', 'PANEL-53', 0, 0, 0, 0, 0, NULL, NULL),
(418, 'BCE', '20BCE1806', 'UDAY SINGH SHERGILL', 50435, 'KARMEL A', 'PANEL-53', 0, 0, 0, 0, 0, NULL, NULL),
(419, 'BCE', '20BCE1808', 'ARUNIMA AGARWAL', 51327, 'M. BRAVEEN', 'PANEL-53', 0, 0, 0, 0, 0, NULL, NULL),
(420, 'BCE', '20BCE1809', 'HARNUR SINGH', 51672, 'RISHIKESHAN C A', 'PANEL-53', 0, 0, 0, 0, 0, NULL, NULL),
(421, 'BCE', '20BCE1811', 'DHANUSH S', 50400, 'GAYATHRI R', 'PANEL-53', 0, 0, 0, 0, 0, NULL, NULL),
(422, 'BCE', '20BCE1814', 'ROCHAK SHRIVASTAV', 52350, 'ASHA JERLIN M', 'PANEL-53', 0, 0, 0, 0, 0, NULL, NULL),
(423, 'BCE', '20BCE1815', 'M ROKITHKUMAR', 51743, 'VIJAYAKUMAR K P', 'PANEL-53', 0, 0, 0, 0, 0, NULL, NULL),
(424, 'BCE', '20BCE1820', 'SANJANA RAVISHANKAR', 50410, 'SANDHYA P', 'PANEL-53', 0, 0, 0, 0, 0, NULL, NULL),
(425, 'BCE', '20BCE1822', 'SIDHARTHAN R', 53105, 'BALASARASWATHI', 'PANEL-54', 0, 0, 0, 0, 0, NULL, NULL),
(426, 'BCE', '20BCE1823', 'S SHREYAA', 50432, 'SHOLA USHA RANI', 'PANEL-54', 0, 0, 0, 0, 0, NULL, NULL),
(427, 'BCE', '20BCE1825', 'LOKESWAR M', 50400, 'GAYATHRI R', 'PANEL-54', 0, 0, 0, 0, 0, NULL, NULL),
(428, 'BCE', '20BCE1826', 'RENIL AUGUSTINE BABY', 53030, 'DEEPA NIVETHIKA', 'PANEL-54', 0, 0, 0, 0, 0, NULL, NULL),
(429, 'BCE', '20BCE1827', 'ANAND.R', 50352, 'JENILA LIVINGSTON L M', 'PANEL-54', 0, 0, 0, 0, 0, NULL, NULL),
(430, 'BCE', '20BCE1828', 'PREETI PALLAVI', 50590, 'ASNATH VICTY PHAMILA Y', 'PANEL-54', 0, 0, 0, 0, 0, NULL, NULL),
(431, 'BCE', '20BCE1830', 'AAYUSH PODDAR', 53124, 'SUBITHA D', 'PANEL-54', 0, 0, 0, 0, 0, NULL, NULL),
(432, 'BCE', '20BCE1831', 'JENNIFER TERESA GEORGE', 52215, 'SUGUNA', 'PANEL-54', 0, 0, 0, 0, 0, NULL, NULL),
(433, 'BCE', '20BCE1832', 'HARINI S', 50403, 'RAJESH M', 'PANEL-55', 0, 0, 0, 0, 0, NULL, NULL),
(434, 'BCE', '20BCE1835', 'RISHABH VARSHNEY', 52192, 'VALARMATHI ', 'PANEL-55', 0, 0, 0, 0, 0, NULL, NULL),
(435, 'BCE', '20BCE1836', 'RIYASSHRI J S', 53104, 'RAJA M', 'PANEL-55', 0, 0, 0, 0, 0, NULL, NULL),
(436, 'BCE', '20BCE1837', 'RUPIN KIRTAN HARENDRA', 52309, 'SMRITHY', 'PANEL-55', 0, 0, 0, 0, 0, NULL, NULL),
(437, 'BCE', '20BCE1838', 'GARVIT JAKAR', 53025, 'PALANI THANARAJ K', 'PANEL-55', 0, 0, 0, 0, 0, NULL, NULL),
(438, 'BCE', '20BCE1840', 'KARTHIC S', 51329, 'A. K ILAVARASI', 'PANEL-55', 0, 0, 0, 0, 0, NULL, NULL),
(439, 'BCE', '20BCE1844', 'TATHAGATA BISWAS', 51347, 'BHUVANESWARI', 'PANEL-55', 0, 0, 0, 0, 0, NULL, NULL),
(440, 'BCE', '20BCE1845', 'BIRADAR SHAILESH', 52192, 'VALARMATHI ', 'PANEL-55', 0, 0, 0, 0, 0, NULL, NULL),
(441, 'BCE', '20BCE1846', 'ROHAN MAKHIJA', 53139, 'INDIRA B', 'PANEL-56', 0, 0, 0, 0, 0, NULL, NULL),
(442, 'BCE', '20BCE1847', 'ADRIAN V MARTIN', 53112, 'KARTHIKEYAN N', 'PANEL-56', 0, 0, 0, 0, 0, NULL, NULL),
(443, 'BCE', '20BCE1850', 'HARSH ARYAN', 52192, 'VALARMATHI ', 'PANEL-56', 0, 0, 0, 0, 0, NULL, NULL),
(444, 'BCE', '20BCE1851', 'MD AYAN ZAFAR', 53046, 'SRISAKTHI SARAVANAN', 'PANEL-56', 0, 0, 0, 0, 0, NULL, NULL),
(445, 'BCE', '20BCE1852', 'DEVARINTI DHAPATLA PUNEETH REDDY', 52192, 'VALARMATHI ', 'PANEL-56', 0, 0, 0, 0, 0, NULL, NULL),
(446, 'BCE', '20BCE1853', 'SANYA GARG', 51669, 'A SWAMINATHAN', 'PANEL-56', 0, 0, 0, 0, 0, NULL, NULL),
(447, 'BCE', '20BCE1854', 'SANJAY K P S', 53073, 'SENTHIL PRAKASH P N', 'PANEL-56', 0, 0, 0, 0, 0, NULL, NULL),
(448, 'BCE', '20BCE1855', 'SANJIL K C', 51325, 'PRASAD M', 'PANEL-56', 0, 0, 0, 0, 0, NULL, NULL),
(449, 'BCE', '20BCE1857', 'GOWTHAM N', 52263, 'OM KUMAR C U', 'PANEL-57', 0, 0, 0, 0, 0, NULL, NULL),
(450, 'BCE', '20BCE1858', 'SRIRAM VENKATA NAVYAKALA', 52879, 'RAJESH R', 'PANEL-57', 0, 0, 0, 0, 0, NULL, NULL),
(451, 'BCE', '20BCE1860', 'CYRIL JOSE', 53078, 'PREMANAND V', 'PANEL-57', 0, 0, 0, 0, 0, NULL, NULL),
(452, 'BCE', '20BCE1865', 'AHILAN A', 52299, 'JOE DHANITH', 'PANEL-57', 0, 0, 0, 0, 0, NULL, NULL),
(453, 'BCE', '20BCE1866', 'RONODEEP DAS', 53139, 'INDIRA B', 'PANEL-57', 0, 0, 0, 0, 0, NULL, NULL),
(454, 'BCE', '20BCE1869', 'KOUSHAL VEL V S', 52344, 'PANDIYARAJU V', 'PANEL-57', 0, 0, 0, 0, 0, NULL, NULL),
(455, 'BCE', '20BCE1870', 'SHARVESH S', 52344, 'PANDIYARAJU V', 'PANEL-57', 0, 0, 0, 0, 0, NULL, NULL),
(456, 'BCE', '20BCE1872', 'SAGAR PAHUJA', 52283, 'MONICA', 'PANEL-57', 0, 0, 0, 0, 0, NULL, NULL),
(457, 'BCE', '20BCE1873', 'R PAVAN KAARTHIK', 50338, 'GANESAN R', 'PANEL-58', 0, 0, 0, 0, 0, NULL, NULL),
(458, 'BCE', '20BCE1874', 'BHAVISHYA KUMAR', 52310, 'MARIA ANU', 'PANEL-58', 0, 0, 0, 0, 0, NULL, NULL),
(459, 'BCE', '20BCE1876', 'S SANJANAA', 50185, 'SATHYARAJASEKARAN K', 'PANEL-58', 0, 0, 0, 0, 0, NULL, NULL),
(460, 'BCE', '20BCE1877', 'YASH ARYAMAN', 53159, 'RENUKA DEVI', 'PANEL-58', 0, 0, 0, 0, 0, NULL, NULL),
(461, 'BCE', '20BCE1878', 'S RAHUL KUMAR', 52836, 'VALLIDEVI K', 'PANEL-58', 0, 0, 0, 0, 0, NULL, NULL),
(462, 'BCE', '20BCE1879', 'S ROHIT SWAMINATHAN', 52344, 'PANDIYARAJU V', 'PANEL-58', 0, 0, 0, 0, 0, NULL, NULL),
(463, 'BCE', '20BCE1881', 'MOHAMMED SUHAIL HUSSAIN', 50392, 'SYED IBRAHIM S P', 'PANEL-58', 0, 0, 0, 0, 0, NULL, NULL),
(464, 'BCE', '20BCE1882', 'DHRUVI OCHANI', 50289, 'M. PREMALATHA', 'PANEL-58', 0, 0, 0, 0, 0, NULL, NULL),
(465, 'BCE', '20BCE1884', 'NAYAN KHEMKA', 50289, 'M. PREMALATHA', 'PANEL-59', 0, 0, 0, 0, 0, NULL, NULL),
(466, 'BCE', '20BCE1886', 'HARSH CHAUHAN', 52825, 'VATCHALA S', 'PANEL-59', 0, 0, 0, 0, 0, NULL, NULL),
(467, 'BCE', '20BCE1887', 'B CHINMAYA DATTA', 51682, 'PRAKASH P', 'PANEL-59', 0, 0, 0, 0, 0, NULL, NULL),
(468, 'BCE', '20BCE1890', 'HRITHIK G', 50304, 'KUMAR R', 'PANEL-59', 0, 0, 0, 0, 0, NULL, NULL),
(469, 'BCE', '20BCE1891', 'Madhumita K', 50389, 'TULASI PRASAD SARIKI', 'PANEL-59', 0, 0, 0, 0, 0, NULL, NULL);
INSERT INTO `student_table` (`SNO`, `PGM`, `REG_NO`, `STUDENT_NAME`, `_ERP_ID`, `GUIDE_NAME`, `PANEL_NO`, `s_m1`, `s_m2`, `s_m3`, `s_m4`, `s_tot`, `s_attendance`, `s_approval`) VALUES
(470, 'BCE', '20BCE1892', 'V R LENIN VASAN', 52344, 'PANDIYARAJU V', 'PANEL-59', 0, 0, 0, 0, 0, NULL, NULL),
(471, 'BCE', '20BCE1894', 'B JAFRIN ROSARY', 52836, 'VALLIDEVI K', 'PANEL-59', 0, 0, 0, 0, 0, NULL, NULL),
(472, 'BCE', '20BCE1895', 'RISHIGHESH G', 52889, 'PRAVIN RENOLD A', 'PANEL-59', 0, 0, 0, 0, 0, NULL, NULL),
(473, 'BCE', '20BCE1896', 'SUKRIT THIAGARAJA MANIKANDAN', 50183, 'ILAKIYASELVAN N', 'PANEL-60', 0, 0, 0, 0, 0, NULL, NULL),
(474, 'BCE', '20BCE1897', 'DHARANI R', 53166, 'MARIMUTHU', 'PANEL-60', 0, 0, 0, 0, 0, NULL, NULL),
(475, 'BCE', '20BCE1898', 'G NIKHIL VAIDHYANATHAN', 53077, 'LAKSHMI HARIKA PALIVELA', 'PANEL-60', 0, 0, 0, 0, 0, NULL, NULL),
(476, 'BCE', '20BCE1900', 'NIRMALYA BISWAL', 52335, 'AMUTHA S', 'PANEL-60', 0, 0, 0, 0, 0, NULL, NULL),
(477, 'BCE', '20BCE1903', 'V MAHATHI', 52338, 'D JEYA MALA', 'PANEL-60', 0, 0, 0, 0, 0, NULL, NULL),
(478, 'BCE', '20BCE1906', 'K ARUN VISWANATHAN', 51677, 'VEDHAPRIYAVADHANA', 'PANEL-60', 0, 0, 0, 0, 0, NULL, NULL),
(479, 'BCE', '20BCE1907', 'BASKAR S', 52879, 'RAJESH R', 'PANEL-60', 0, 0, 0, 0, 0, NULL, NULL),
(480, 'BCE', '20BCE1909', 'AGATHIYAN SARAVANANE', 52256, 'SATHIAN D', 'PANEL-60', 0, 0, 0, 0, 0, NULL, NULL),
(481, 'BCE', '20BCE1912', 'R MADHUMITHA', 52256, 'SATHIAN D', 'PANEL-61', 0, 0, 0, 0, 0, NULL, NULL),
(482, 'BCE', '20BCE1913', 'KRITIKA JINDAL', 51665, 'AMRIT PAL', 'PANEL-61', 0, 0, 0, 0, 0, NULL, NULL),
(483, 'BCE', '20BCE1914', 'NIKHIL KAMESHWARAN', 51946, 'KALAIPRIYAN', 'PANEL-61', 0, 0, 0, 0, 0, NULL, NULL),
(484, 'BCE', '20BCE1917', 'PRAKASH RAVIRATHINAM', 53060, 'ANUBHA PEARLINE S', 'PANEL-61', 0, 0, 0, 0, 0, NULL, NULL),
(485, 'BCE', '20BCE1919', 'AKASH S', 52335, 'AMUTHA S', 'PANEL-61', 0, 0, 0, 0, 0, NULL, NULL),
(486, 'BCE', '20BCE1924', 'SWATI ANANDAN', 50392, 'SYED IBRAHIM S P', 'PANEL-61', 0, 0, 0, 0, 0, NULL, NULL),
(487, 'BCE', '20BCE1925', 'AARYA MAHAJAN PABHA', 50389, 'TULASI PRASAD SARIKI', 'PANEL-61', 0, 0, 0, 0, 0, NULL, NULL),
(488, 'BCE', '20BCE1928', 'RENTALA NAGA SAI GANESH', 51659, 'SHIVANI GUPTA', 'PANEL-61', 0, 0, 0, 0, 0, NULL, NULL),
(489, 'BCE', '20BCE1929', 'HARSH PARWAL', 53353, 'PRABU S', 'PANEL-62', 0, 0, 0, 0, 0, NULL, NULL),
(490, 'BCE', '20BCE1930', 'SREYAS REJIL', 50168, 'PATTABIRAMAN V', 'PANEL-62', 0, 0, 0, 0, 0, NULL, NULL),
(491, 'BCE', '20BCE1931', 'PILANKAR ATHARVA GOVIND', 50918, 'SHYAMALA L', 'PANEL-62', 0, 0, 0, 0, 0, NULL, NULL),
(492, 'BCE', '20BCE1932', 'PERUBHOTLA SRINIVASA ADITYA MANISH', 52823, 'GANESH N', 'PANEL-62', 0, 0, 0, 0, 0, NULL, NULL),
(493, 'BCE', '20BCE1934', 'TARUN GOPINATH', 50440, 'SRIDHAR R', 'PANEL-62', 0, 0, 0, 0, 0, NULL, NULL),
(494, 'BCE', '20BCE1935', 'RAMAN KUMAR', 50767, 'SWEETLIN HEMALATHA C', 'PANEL-62', 0, 0, 0, 0, 0, NULL, NULL),
(495, 'BCE', '20BCE1936', 'KOVVURI CHANDRA KIRAN REDDY', 52835, 'SUJITHRA @ KANMANI R', 'PANEL-62', 0, 0, 0, 0, 0, NULL, NULL),
(496, 'BCE', '20BCE1937', 'SHAH SIDDH TEJASKUMAR', 51652, 'VENKATRAMAN S', 'PANEL-62', 0, 0, 0, 0, 0, NULL, NULL),
(497, 'BCE', '20BCE1940', 'KEVINPRAKASH V', 50767, 'SWEETLIN HEMALATHA C', 'PANEL-63', 0, 0, 0, 0, 0, NULL, NULL),
(498, 'BCE', '20BCE1941', 'RISHIE KUMAARAN K', 53112, 'KARTHIKEYAN N', 'PANEL-63', 0, 0, 0, 0, 0, NULL, NULL),
(499, 'BCE', '20BCE1947', 'SHREYA KAMRA', 51329, 'A. K ILAVARASI', 'PANEL-63', 0, 0, 0, 0, 0, NULL, NULL),
(500, 'BCE', '20BCE1948', 'HULE VARUN BHAGWAN', 50440, 'SRIDHAR R', 'PANEL-63', 0, 0, 0, 0, 0, NULL, NULL),
(501, 'BCE', '20BCE1952', 'SIMHADRI MOHANA KUSHAL', 51329, 'A. K ILAVARASI', 'PANEL-63', 0, 0, 0, 0, 0, NULL, NULL),
(502, 'BCE', '20BCE1954', 'BHAVUK MITTAL', 50438, 'SUGANYA G', 'PANEL-63', 0, 0, 0, 0, 0, NULL, NULL),
(503, 'BCE', '20BCE1956', 'SAI ESHWAR M S', 52344, 'PANDIYARAJU V', 'PANEL-63', 0, 0, 0, 0, 0, NULL, NULL),
(504, 'BCE', '20BCE1958', 'BILLA VIJAY RAJ', 53036, 'MALATHI D', 'PANEL-63', 0, 0, 0, 0, 0, NULL, NULL),
(505, 'BCE', '20BCE1959', 'FARHAN ARSHAD', 53060, 'ANUBHA PEARLINE S', 'PANEL-64', 0, 0, 0, 0, 0, NULL, NULL),
(506, 'BCE', '20BCE1960', 'B SAMVRITH', 53105, 'BALASARASWATHI', 'PANEL-64', 0, 0, 0, 0, 0, NULL, NULL),
(507, 'BCE', '20BCE1961', 'AJEET SINGH YADAV', 52262, 'MERCY RAJASELVI BEAULAH P', 'PANEL-64', 0, 0, 0, 0, 0, NULL, NULL),
(508, 'BCE', '20BCE1962', 'TATIGUTLA BALASAGAR REDDY', 50314, 'KAVYA ALLURU', 'PANEL-64', 0, 0, 0, 0, 0, NULL, NULL),
(509, 'BCE', '20BCE1963', 'KOTHA ESHWAR DIWAKAR', 53077, 'LAKSHMI HARIKA PALIVELA', 'PANEL-64', 0, 0, 0, 0, 0, NULL, NULL),
(510, 'BCE', '20BCE1964', 'V PRANHAV', 52278, 'MANJULA V', 'PANEL-64', 0, 0, 0, 0, 0, NULL, NULL),
(511, 'BCE', '20BCE1965', 'ATHIRAJAM VISHAL VYSHNAV', 53159, 'RENUKA DEVI', 'PANEL-64', 0, 0, 0, 0, 0, NULL, NULL),
(512, 'BCE', '20BCE1966', 'ABHYUDAYA JINDAL', 53104, 'RAJA M', 'PANEL-64', 0, 0, 0, 0, 0, NULL, NULL),
(513, 'BCE', '20BCE1967', 'RAGHVI KHANDELWAL', 51658, 'PARKAVI K', 'PANEL-65', 0, 0, 0, 0, 0, NULL, NULL),
(514, 'BCE', '20BCE1968', 'RUKKSANA A', 50186, 'PARVATHI R', 'PANEL-65', 0, 0, 0, 0, 0, NULL, NULL),
(515, 'BCE', '20BCE1969', 'AMRITHAVARSHINEE SRIRAM', 51743, 'VIJAYAKUMAR K P', 'PANEL-65', 0, 0, 0, 0, 0, NULL, NULL),
(516, 'BCE', '20BCE1970', 'BATTALAPALLI SAI DIVYA', 51328, 'V. MUTHUMANIKANDAN', 'PANEL-65', 0, 0, 0, 0, 0, NULL, NULL),
(517, 'BCE', '20BCE1975', 'SHETH HARIKET SUKESH KUMAR', 51948, 'SUDHA ', 'PANEL-65', 0, 0, 0, 0, 0, NULL, NULL),
(518, 'BCE', '20BCE1977', 'RACHEL GUPTA', 53030, 'DEEPA NIVETHIKA', 'PANEL-65', 0, 0, 0, 0, 0, NULL, NULL),
(519, 'BCE', '20BCE1978', 'SWETHA ANBALAGAN', 53078, 'PREMANAND V', 'PANEL-65', 0, 0, 0, 0, 0, NULL, NULL),
(520, 'BCE', '20BCE1979', 'GURLEEN KAUR SALUJA', 51347, 'BHUVANESWARI', 'PANEL-65', 0, 0, 0, 0, 0, NULL, NULL),
(521, 'BCE', '20BCE1981', 'KRISHNA KUMAR', 53046, 'SRISAKTHI SARAVANAN', 'PANEL-66', 0, 0, 0, 0, 0, NULL, NULL),
(522, 'BCE', '20BCE1982', 'SANKAR KUMAR M', 53034, 'ELAKIA E', 'PANEL-66', 0, 0, 0, 0, 0, NULL, NULL),
(523, 'BCE', '20BCE1983', 'MEHALI SAMANTA', 53017, 'JANNATH NISHA O S', 'PANEL-66', 0, 0, 0, 0, 0, NULL, NULL),
(524, 'BCE', '20BCE1984', 'SHREYA MANOJ KUMAR', 50036, 'NISHA  V.M', 'PANEL-66', 0, 0, 0, 0, 0, NULL, NULL),
(525, 'BCE', '20BCE1985', 'REUBEN MANOJ', 51658, 'PARKAVI K', 'PANEL-66', 0, 0, 0, 0, 0, NULL, NULL),
(526, 'BCE', '20BCE1986', 'S SHRUTHI', 50270, 'VIJAYALAKSHMI A', 'PANEL-66', 0, 0, 0, 0, 0, NULL, NULL),
(527, 'BCE', '20BCE1987', 'VISHAKHA AGARWAL', 51668, 'BHANU CHANDER BALUSA', 'PANEL-66', 0, 0, 0, 0, 0, NULL, NULL),
(528, 'BCE', '20BCE1988', 'RAGAVI O G', 50301, 'RAJKUMAR S', 'PANEL-66', 0, 0, 0, 0, 0, NULL, NULL),
(529, 'BAI', '20BAI1003', 'RAAGULBHARATWAJ K', 50616, 'JANAKI MEENA M', 'PANEL-67', 0, 0, 0, 0, 0, NULL, NULL),
(530, 'BAI', '20BAI1004', 'JAYASURYA S', 50587, 'GEETHA S', 'PANEL-67', 0, 0, 0, 0, 0, NULL, NULL),
(531, 'BAI', '20BAI1006', 'DRON DASGUPTA', 53091, 'RAJAKUMAR R', 'PANEL-67', 0, 0, 0, 0, 0, NULL, NULL),
(532, 'BAI', '20BAI1008', 'PUJA SAI THANDAVAN', 52882, 'DHANALAKSHMI R', 'PANEL-67', 0, 0, 0, 0, 0, NULL, NULL),
(533, 'BAI', '20BAI1011', 'RISHITA GANGULY', 50154, 'RUKMANI P', 'PANEL-67', 0, 0, 0, 0, 0, NULL, NULL),
(534, 'BAI', '20BAI1013', 'GOMATHI L', 50879, 'RAJALAKSHMI R', 'PANEL-67', 0, 0, 0, 0, 0, NULL, NULL),
(535, 'BAI', '20BAI1019', 'DINESHKUMAR M', 51679, 'GANALA SANTOSHI', 'PANEL-67', 0, 0, 0, 0, 0, NULL, NULL),
(536, 'BAI', '20BAI1020', 'AJAY RAJKUMAR K', 50616, 'JANAKI MEENA M', 'PANEL-67', 0, 0, 0, 0, 0, NULL, NULL),
(537, 'BAI', '20BAI1022', 'AYAN MUKHERJEE', 50176, 'GRACELINE JASMINE S', 'PANEL-68', 0, 0, 0, 0, 0, NULL, NULL),
(538, 'BAI', '20BAI1025', 'DEVASHREE PRAVAKAR', 52836, 'VALLIDEVI K', 'PANEL-68', 0, 0, 0, 0, 0, NULL, NULL),
(539, 'BAI', '20BAI1027', 'SWAIFA HAQUE', 50930, 'ANUSHA K', 'PANEL-68', 0, 0, 0, 0, 0, NULL, NULL),
(540, 'BAI', '20BAI1031', 'ABHAY JHA', 50398, 'SIVABALAKRISHNAN M', 'PANEL-68', 0, 0, 0, 0, 0, NULL, NULL),
(541, 'BAI', '20BAI1033', 'SHRUTI TALUKDER', 52215, 'SUGUNA', 'PANEL-68', 0, 0, 0, 0, 0, NULL, NULL),
(542, 'BAI', '20BAI1035', 'SAGNIK CHAKRABORTY', 53074, 'SUDHARSON S', 'PANEL-68', 0, 0, 0, 0, 0, NULL, NULL),
(543, 'BAI', '20BAI1036', 'VAISHNAVI SHUKLA', 51339, 'SK AYESHA', 'PANEL-68', 0, 0, 0, 0, 0, NULL, NULL),
(544, 'BAI', '20BAI1037', 'JAIN ISHITA ANIL', 50767, 'SWEETLIN HEMALATHA C', 'PANEL-68', 0, 0, 0, 0, 0, NULL, NULL),
(545, 'BAI', '20BAI1038', 'L VISHAL', 50159, 'HARINI S', 'PANEL-69', 0, 0, 0, 0, 0, NULL, NULL),
(546, 'BAI', '20BAI1039', 'NITHISH M', 50398, 'SIVABALAKRISHNAN M', 'PANEL-69', 0, 0, 0, 0, 0, NULL, NULL),
(547, 'BAI', '20BAI1041', 'Faizah M Kureshi', 51344, 'Radhika Selvamani', 'PANEL-69', 0, 0, 0, 0, 0, NULL, NULL),
(548, 'BAI', '20BAI1044', 'KRISH BAGGA', 50391, 'RABINDRA KUMAR SINGH', 'PANEL-69', 0, 0, 0, 0, 0, NULL, NULL),
(549, 'BAI', '20BAI1053', 'GAUTAM ARORA', 52261, 'BHAVADHARINI R M', 'PANEL-69', 0, 0, 0, 0, 0, NULL, NULL),
(550, 'BAI', '20BAI1055', 'RAKESH KUMAR K S', 50587, 'GEETHA S', 'PANEL-69', 0, 0, 0, 0, 0, NULL, NULL),
(551, 'BAI', '20BAI1057', 'SANKALP HEGDE', 52261, 'BHAVADHARINI R M', 'PANEL-69', 0, 0, 0, 0, 0, NULL, NULL),
(552, 'BAI', '20BAI1061', 'MANDLA SHESHI KIRAN REDDY', 52264, 'KRITHIGA R', 'PANEL-69', 0, 0, 0, 0, 0, NULL, NULL),
(553, 'BAI', '20BAI1062', 'UZAIR ALLADIN', 50879, 'RAJALAKSHMI R', 'PANEL-70', 0, 0, 0, 0, 0, NULL, NULL),
(554, 'BAI', '20BAI1064', 'ROSHAN VISHWA S', 51754, 'RADHA R', 'PANEL-70', 0, 0, 0, 0, 0, NULL, NULL),
(555, 'BAI', '20BAI1066', 'KAMATH VARUN VINAYAK', 50438, 'SUGANYA G', 'PANEL-70', 0, 0, 0, 0, 0, NULL, NULL),
(556, 'BAI', '20BAI1070', 'AKSHARA RAMPRASAD', 52281, 'SIVAKUMAR', 'PANEL-70', 0, 0, 0, 0, 0, NULL, NULL),
(557, 'BAI', '20BAI1071', 'VINITHI K', 52325, 'MANSOOR HUSSAIN D', 'PANEL-70', 0, 0, 0, 0, 0, NULL, NULL),
(558, 'BAI', '20BAI1072', 'TARUN KUMAR P', 52279, 'RAMA PRABHA ', 'PANEL-70', 0, 0, 0, 0, 0, NULL, NULL),
(559, 'BAI', '20BAI1075', 'ADITYA MAC', 51682, 'PRAKASH P', 'PANEL-70', 0, 0, 0, 0, 0, NULL, NULL),
(560, 'BAI', '20BAI1076', 'PRATHMESH RAJENDRA POTABATTI', 50266, 'SHRIDEVI S', 'PANEL-70', 0, 0, 0, 0, 0, NULL, NULL),
(561, 'BAI', '20BAI1077', 'Alen Sadique P M', 52291, 'ASWIGA ', 'PANEL-71', 0, 0, 0, 0, 0, NULL, NULL),
(562, 'BAI', '20BAI1080', 'RONIT NAIK', 50438, 'SUGANYA G', 'PANEL-71', 0, 0, 0, 0, 0, NULL, NULL),
(563, 'BAI', '20BAI1081', 'AMAAN MOHAMED K', 51682, 'PRAKASH P', 'PANEL-71', 0, 0, 0, 0, 0, NULL, NULL),
(564, 'BAI', '20BAI1083', 'K R MANIEESH', 52288, 'RENJITH', 'PANEL-71', 0, 0, 0, 0, 0, NULL, NULL),
(565, 'BAI', '20BAI1084', 'RAGHAV SHARMA', 50319, 'BHARADWAJA KUMAR', 'PANEL-71', 0, 0, 0, 0, 0, NULL, NULL),
(566, 'BAI', '20BAI1087', 'PRANAV BHANOT', 51748, 'PRADEEP K', 'PANEL-71', 0, 0, 0, 0, 0, NULL, NULL),
(567, 'BAI', '20BAI1088', 'MANYA GAUR', 50063, 'S.A.SAJIDHA', 'PANEL-71', 0, 0, 0, 0, 0, NULL, NULL),
(568, 'BAI', '20BAI1089', 'LAKSHMI SUMANA NANNAPANENI', 51347, 'BHUVANESWARI', 'PANEL-71', 0, 0, 0, 0, 0, NULL, NULL),
(569, 'BAI', '20BAI1092', 'TUSHAR MOOLCHANDANI', 53145, 'VIGNESH U', 'PANEL-72', 0, 0, 0, 0, 0, NULL, NULL),
(570, 'BAI', '20BAI1094', 'M NAVIN KUMAR', 50161, 'NAYEEMULLA KHAN', 'PANEL-72', 0, 0, 0, 0, 0, NULL, NULL),
(571, 'BAI', '20BAI1097', 'PRAKEERTH PRASAD', 51142, 'JANI ANBARASI L', 'PANEL-72', 0, 0, 0, 0, 0, NULL, NULL),
(572, 'BAI', '20BAI1098', 'MOHITH S', 52288, 'RENJITH', 'PANEL-72', 0, 0, 0, 0, 0, NULL, NULL),
(573, 'BAI', '20BAI1099', 'DEVIKA SANTOSH', 50307, 'PRIYAADHARSHINI M', 'PANEL-72', 0, 0, 0, 0, 0, NULL, NULL),
(574, 'BAI', '20BAI1100', 'LAVANYA PURI', 50063, 'S.A.SAJIDHA', 'PANEL-72', 0, 0, 0, 0, 0, NULL, NULL),
(575, 'BAI', '20BAI1104', 'KONDREDDY GOUTHAMI', 52266, 'SUSEELA S', 'PANEL-72', 0, 0, 0, 0, 0, NULL, NULL),
(576, 'BAI', '20BAI1107', 'SIGICHARLA INDRAKIRAN RAVIKANT', 50392, 'SYED IBRAHIM S P', 'PANEL-72', 0, 0, 0, 0, 0, NULL, NULL),
(577, 'BAI', '20BAI1108', 'MEHTA AARYAN URMIL', 51743, 'VIJAYAKUMAR K P', 'PANEL-73', 0, 0, 0, 0, 0, NULL, NULL),
(578, 'BAI', '20BAI1109', 'DEVANSH TRIPATHI', 50094, 'JEGANNATHAN L', 'PANEL-73', 0, 0, 0, 0, 0, NULL, NULL),
(579, 'BAI', '20BAI1110', 'P B PRANAV VENKATADHRI', 50094, 'JEGANNATHAN L', 'PANEL-73', 0, 0, 0, 0, 0, NULL, NULL),
(580, 'BAI', '20BAI1111', 'DANIEL ANANDHA GEETHAN J', 53080, 'KANNIGA DEVI R', 'PANEL-73', 0, 0, 0, 0, 0, NULL, NULL),
(581, 'BAI', '20BAI1112', 'YADUKRISHNAN U', 50239, 'KHADAR NAWAS K', 'PANEL-73', 0, 0, 0, 0, 0, NULL, NULL),
(582, 'BAI', '20BAI1118', 'KAVINKARTHIK A', 50161, 'NAYEEMULLA KHAN', 'PANEL-73', 0, 0, 0, 0, 0, NULL, NULL),
(583, 'BAI', '20BAI1119', 'SARATH KRISHNA C', 50094, 'JEGANNATHAN L', 'PANEL-73', 0, 0, 0, 0, 0, NULL, NULL),
(584, 'BAI', '20BAI1120', 'MOIN AHMED ZAHIR', 52291, 'ASWIGA ', 'PANEL-73', 0, 0, 0, 0, 0, NULL, NULL),
(585, 'BAI', '20BAI1122', 'PUCHAKATLA DIVYA CHARAN', 50239, 'KHADAR NAWAS K', 'PANEL-74', 0, 0, 0, 0, 0, NULL, NULL),
(586, 'BAI', '20BAI1124', 'PITHANI DIVYA RAGHAVENDRA', 53116, 'MADHESWARI', 'PANEL-74', 0, 0, 0, 0, 0, NULL, NULL),
(587, 'BAI', '20BAI1128', 'MALAY NILESHBHAI BALDHA', 50879, 'RAJALAKSHMI R', 'PANEL-74', 0, 0, 0, 0, 0, NULL, NULL),
(588, 'BAI', '20BAI1131', 'SUBHADIP NANDI', 52610, 'DOMINIC SAVIO M', 'PANEL-74', 0, 0, 0, 0, 0, NULL, NULL),
(589, 'BAI', '20BAI1132', 'PINNI VENKATA ABHIRAM', 52193, 'N G BHUVANESWARI ', 'PANEL-74', 0, 0, 0, 0, 0, NULL, NULL),
(590, 'BAI', '20BAI1133', 'MEGHNA SINHA', 51748, 'PRADEEP K', 'PANEL-74', 0, 0, 0, 0, 0, NULL, NULL),
(591, 'BAI', '20BAI1138', 'AANA KAKROO', 50063, 'S.A.SAJIDHA', 'PANEL-74', 0, 0, 0, 0, 0, NULL, NULL),
(592, 'BAI', '20BAI1143', 'VEERESH M', 52263, 'OM KUMAR C U', 'PANEL-74', 0, 0, 0, 0, 0, NULL, NULL),
(593, 'BAI', '20BAI1144', 'AVANTHIKA RAJESH', 51325, 'PRASAD M', 'PANEL-75', 0, 0, 0, 0, 0, NULL, NULL),
(594, 'BAI', '20BAI1146', 'PRITHVI M R', 50239, 'KHADAR NAWAS K', 'PANEL-75', 0, 0, 0, 0, 0, NULL, NULL),
(595, 'BAI', '20BAI1147', 'PRIYA S', 51754, 'RADHA R', 'PANEL-75', 0, 0, 0, 0, 0, NULL, NULL),
(596, 'BAI', '20BAI1151', 'PITCHIKA VAISHNAVI', 53160, 'POONKODI', 'PANEL-75', 0, 0, 0, 0, 0, NULL, NULL),
(597, 'BAI', '20BAI1153', 'PENDHARKAR GAURAV SANDEEP', 50879, 'RAJALAKSHMI R', 'PANEL-75', 0, 0, 0, 0, 0, NULL, NULL),
(598, 'BAI', '20BAI1154', 'SHANGIRNE KHARBANDA', 53136, 'SRIDEVI S', 'PANEL-75', 0, 0, 0, 0, 0, NULL, NULL),
(599, 'BAI', '20BAI1155', 'TIRTHA SANKAR NANDY', 52833, 'ILAVENDHAN A', 'PANEL-75', 0, 0, 0, 0, 0, NULL, NULL),
(600, 'BAI', '20BAI1158', 'DELANO OSCAR DO ROSARIO LOURENCO', 51754, 'RADHA R', 'PANEL-75', 0, 0, 0, 0, 0, NULL, NULL),
(601, 'BAI', '20BAI1161', 'MITHIN JAIN S', 52281, 'SIVAKUMAR', 'PANEL-76', 0, 0, 0, 0, 0, NULL, NULL),
(602, 'BAI', '20BAI1162', 'MANDAVA DEEPAK', 52232, 'ABINAYA S', 'PANEL-76', 0, 0, 0, 0, 0, NULL, NULL),
(603, 'BAI', '20BAI1163', 'JOSHI SWATEJ SACHIN', 53125, 'KANTHIMATHI S', 'PANEL-76', 0, 0, 0, 0, 0, NULL, NULL),
(604, 'BAI', '20BAI1166', 'JAMAL MOHAMED SHAKEEL', 50007, 'SIVAGAMI   M', 'PANEL-76', 0, 0, 0, 0, 0, NULL, NULL),
(605, 'BAI', '20BAI1167', 'SOHAM KUMAR', 50319, 'BHARADWAJA KUMAR', 'PANEL-76', 0, 0, 0, 0, 0, NULL, NULL),
(606, 'BAI', '20BAI1168', 'AGRIM SHARMA', 52285, 'SANDOSH', 'PANEL-76', 0, 0, 0, 0, 0, NULL, NULL),
(607, 'BAI', '20BAI1172', 'G BARANIRAJ', 51339, 'SK AYESHA', 'PANEL-76', 0, 0, 0, 0, 0, NULL, NULL),
(608, 'BAI', '20BAI1173', 'JASON MISQUITTA', 52350, 'ASHA JERLIN M', 'PANEL-76', 0, 0, 0, 0, 0, NULL, NULL),
(609, 'BAI', '20BAI1175', 'MUHESH KUMAR B', 50616, 'JANAKI MEENA M', 'PANEL-77', 0, 0, 0, 0, 0, NULL, NULL),
(610, 'BAI', '20BAI1177', 'SOUBITH BABU KANATAN', 50315, 'JAYARAM B', 'PANEL-77', 0, 0, 0, 0, 0, NULL, NULL),
(611, 'BAI', '20BAI1179', 'SHREE SMITI RAAMALAKSHMI L', 50007, 'SIVAGAMI   M', 'PANEL-77', 0, 0, 0, 0, 0, NULL, NULL),
(612, 'BAI', '20BAI1180', 'AMAN SHARDA', 53009, 'MANJU G', 'PANEL-77', 0, 0, 0, 0, 0, NULL, NULL),
(613, 'BAI', '20BAI1181', 'SRIGANESH RAJ', 52285, 'SANDOSH', 'PANEL-77', 0, 0, 0, 0, 0, NULL, NULL),
(614, 'BAI', '20BAI1184', 'ARINDAM RAO', 51947, 'RAJAKUMAR ', 'PANEL-77', 0, 0, 0, 0, 0, NULL, NULL),
(615, 'BAI', '20BAI1186', 'LAKSHA S', 52262, 'MERCY RAJASELVI BEAULAH P', 'PANEL-77', 0, 0, 0, 0, 0, NULL, NULL),
(616, 'BAI', '20BAI1189', 'IBRAHIM AHMAD SIDDIQUI', 52341, 'PRAVEEN JOE I R', 'PANEL-77', 0, 0, 0, 0, 0, NULL, NULL),
(617, 'BAI', '20BAI1190', 'VARSHA SHARMA', 52285, 'SANDOSH', 'PANEL-78', 0, 0, 0, 0, 0, NULL, NULL),
(618, 'BAI', '20BAI1191', 'AMARAVADI DHEERAJ', 52264, 'KRITHIGA R', 'PANEL-78', 0, 0, 0, 0, 0, NULL, NULL),
(619, 'BAI', '20BAI1192', 'RATNESHWAR', 50391, 'RABINDRA KUMAR SINGH', 'PANEL-78', 0, 0, 0, 0, 0, NULL, NULL),
(620, 'BAI', '20BAI1194', 'MUKUND G', 50303, 'MALATHI G', 'PANEL-78', 0, 0, 0, 0, 0, NULL, NULL),
(621, 'BAI', '20BAI1195', 'ARON RITESH JD', 50392, 'SYED IBRAHIM S P', 'PANEL-78', 0, 0, 0, 0, 0, NULL, NULL),
(622, 'BAI', '20BAI1200', 'JYOTHI MURUGAN M', 52883, 'PAVITHRA S', 'PANEL-78', 0, 0, 0, 0, 0, NULL, NULL),
(623, 'BAI', '20BAI1201', 'ROHAN PAWAR', 52341, 'PRAVEEN JOE I R', 'PANEL-78', 0, 0, 0, 0, 0, NULL, NULL),
(624, 'BAI', '20BAI1202', 'AMBAR KUMAR', 51458, 'R JOTHI', 'PANEL-78', 0, 0, 0, 0, 0, NULL, NULL),
(625, 'BAI', '20BAI1205', 'SHIVAPRAKASH SHIVAKUMARASWAMY JAYACHAMARAJAPURA', 50386, 'ABDUL QUADIR MD', 'PANEL-79', 0, 0, 0, 0, 0, NULL, NULL),
(626, 'BAI', '20BAI1208', 'ARJUN P', 53080, 'KANNIGA DEVI R', 'PANEL-79', 0, 0, 0, 0, 0, NULL, NULL),
(627, 'BAI', '20BAI1210', 'EMMAY KOUSHAL', 52209, 'KAVITHA', 'PANEL-79', 0, 0, 0, 0, 0, NULL, NULL),
(628, 'BAI', '20BAI1212', 'BHUVANESHWARI R', 50767, 'SWEETLIN HEMALATHA C', 'PANEL-79', 0, 0, 0, 0, 0, NULL, NULL),
(629, 'BAI', '20BAI1213', 'ROHITA CHAKRABORTY', 50138, 'VERGIN RAJA SAROBIN M', 'PANEL-79', 0, 0, 0, 0, 0, NULL, NULL),
(630, 'BAI', '20BAI1217', 'PARASU SAI NIKHIL', 53034, 'ELAKIA E', 'PANEL-79', 0, 0, 0, 0, 0, NULL, NULL),
(631, 'BAI', '20BAI1218', 'AKSHAT CHAUHAN', 50386, 'ABDUL QUADIR MD', 'PANEL-79', 0, 0, 0, 0, 0, NULL, NULL),
(632, 'BAI', '20BAI1220', 'WAMAN APOORVA DEELIP', 51672, 'RISHIKESHAN C A', 'PANEL-79', 0, 0, 0, 0, 0, NULL, NULL),
(633, 'BAI', '20BAI1221', 'CHANDAK SARVESH SANJAY', 52283, 'MONICA', 'PANEL-80', 0, 0, 0, 0, 0, NULL, NULL),
(634, 'BAI', '20BAI1222', 'AJAY PRASHANT MURALIDHARAN', 52341, 'PRAVEEN JOE I R', 'PANEL-80', 0, 0, 0, 0, 0, NULL, NULL),
(635, 'BAI', '20BAI1223', 'VIMALAN S', 50398, 'SIVABALAKRISHNAN M', 'PANEL-80', 0, 0, 0, 0, 0, NULL, NULL),
(636, 'BAI', '20BAI1226', 'ALAN K ALEX', 53063, 'RATHNA', 'PANEL-80', 0, 0, 0, 0, 0, NULL, NULL),
(637, 'BAI', '20BAI1230', 'NEHA ANN SHYGEN', 50352, 'JENILA LIVINGSTON L M', 'PANEL-80', 0, 0, 0, 0, 0, NULL, NULL),
(638, 'BAI', '20BAI1231', 'ADHITHYA ARAVIND', 52193, 'N G BHUVANESWARI ', 'PANEL-80', 0, 0, 0, 0, 0, NULL, NULL),
(639, 'BAI', '20BAI1235', 'VIGNESH KUMAR M', 53094, 'KAVIYA ELAKKIYA M', 'PANEL-80', 0, 0, 0, 0, 0, NULL, NULL),
(640, 'BAI', '20BAI1237', 'SRIUVARAAJ G V', 51142, 'JANI ANBARASI L', 'PANEL-80', 0, 0, 0, 0, 0, NULL, NULL),
(641, 'BAI', '20BAI1243', 'VAHORA FIZA SALIMBHAI', 50322, 'JAYASUDHA M', 'PANEL-81', 0, 0, 0, 0, 0, NULL, NULL),
(642, 'BAI', '20BAI1246', 'SIVA ADITHYA M J', 52338, 'D JEYA MALA', 'PANEL-81', 0, 0, 0, 0, 0, NULL, NULL),
(643, 'BAI', '20BAI1247', 'ISMAHEEL FAHEEM', 50773, 'NAGARAJ S V', 'PANEL-81', 0, 0, 0, 0, 0, NULL, NULL),
(644, 'BAI', '20BAI1251', 'SNEHA SIVARAMAKRISHNAN', 53053, 'ANCY MICHEAL A', 'PANEL-81', 0, 0, 0, 0, 0, NULL, NULL),
(645, 'BAI', '20BAI1252', 'VIPIN BHATI', 52193, 'N G BHUVANESWARI ', 'PANEL-81', 0, 0, 0, 0, 0, NULL, NULL),
(646, 'BAI', '20BAI1256', 'ASHWATH D', 50138, 'VERGIN RAJA SAROBIN M', 'PANEL-81', 0, 0, 0, 0, 0, NULL, NULL),
(647, 'BAI', '20BAI1257', 'VIBHO RANJAN', 52227, 'SHERLY A', 'PANEL-81', 0, 0, 0, 0, 0, NULL, NULL),
(648, 'BAI', '20BAI1258', 'SNEHA C SHANKAR', 50154, 'RUKMANI P', 'PANEL-81', 0, 0, 0, 0, 0, NULL, NULL),
(649, 'BAI', '20BAI1259', 'GIRISANKAR G', 51142, 'JANI ANBARASI L', 'PANEL-82', 0, 0, 0, 0, 0, NULL, NULL),
(650, 'BAI', '20BAI1260', 'DUSSA SHARANYA', 52273, 'S A AMUTHA JEEVAKUMARI', 'PANEL-82', 0, 0, 0, 0, 0, NULL, NULL),
(651, 'BAI', '20BAI1262', 'GAUTHAMA A L G', 53049, 'REVATHI A R', 'PANEL-82', 0, 0, 0, 0, 0, NULL, NULL),
(652, 'BAI', '20BAI1263', 'JOTHIVARSHINI S', 51654, 'ASHOKA RAJAN R', 'PANEL-82', 0, 0, 0, 0, 0, NULL, NULL),
(653, 'BAI', '20BAI1264', 'PIRATHIISH', 50303, 'MALATHI G', 'PANEL-82', 0, 0, 0, 0, 0, NULL, NULL),
(654, 'BAI', '20BAI1265', 'ROSHNI SENTHIL KUMAR', 51344, 'RADHIKA SELVAMANI', 'PANEL-82', 0, 0, 0, 0, 0, NULL, NULL),
(655, 'BAI', '20BAI1266', 'AUSTIN EMMANUEL PAULRAJ', 50322, 'JAYASUDHA M', 'PANEL-82', 0, 0, 0, 0, 0, NULL, NULL),
(656, 'BAI', '20BAI1267', 'DENZEL SHAJU', 53049, 'REVATHI A R', 'PANEL-82', 0, 0, 0, 0, 0, NULL, NULL),
(657, 'BAI', '20BAI1268', 'VIGASHKUMAR CHOCKALINGOM THILAKA', 52823, 'GANESH N', 'PANEL-83', 0, 0, 0, 0, 0, NULL, NULL),
(658, 'BAI', '20BAI1269', 'CHINTHAMANI MOHAN KRISHNA', 50250, 'MAHESWARI S', 'PANEL-83', 0, 0, 0, 0, 0, NULL, NULL),
(659, 'BAI', '20BAI1270', 'PATHIPATI JAHNAVI', 52261, 'BHAVADHARINI R M', 'PANEL-83', 0, 0, 0, 0, 0, NULL, NULL),
(660, 'BAI', '20BAI1271', 'SHAUN KURIAKOSE TOM', 50307, 'PRIYAADHARSHINI M', 'PANEL-83', 0, 0, 0, 0, 0, NULL, NULL),
(661, 'BAI', '20BAI1272', 'JAYASREE M', 50176, 'GRACELINE JASMINE S', 'PANEL-83', 0, 0, 0, 0, 0, NULL, NULL),
(662, 'BAI', '20BAI1273', 'T VAIBAV SELVA', 50398, 'SIVABALAKRISHNAN M', 'PANEL-83', 0, 0, 0, 0, 0, NULL, NULL),
(663, 'BAI', '20BAI1274', 'KARANAM VENKATA VIKAS', 52883, 'PAVITHRA S', 'PANEL-83', 0, 0, 0, 0, 0, NULL, NULL),
(664, 'BAI', '20BAI1275', 'SANJAY KRISHNA R S', 53029, 'KANIMOZHI S', 'PANEL-83', 0, 0, 0, 0, 0, NULL, NULL),
(665, 'BAI', '20BAI1276', 'RUPAKCHARAN V', 53157, 'SARAVANAN P', 'PANEL-84', 0, 0, 0, 0, 0, NULL, NULL),
(666, 'BAI', '20BAI1277', 'SHAREN H', 52322, 'MODIGARI NARENDRA', 'PANEL-84', 0, 0, 0, 0, 0, NULL, NULL),
(667, 'BAI', '20BAI1278', 'J B POOJA SRI', 52209, 'KAVITHA', 'PANEL-84', 0, 0, 0, 0, 0, NULL, NULL),
(668, 'BAI', '20BAI1280', 'SANJAY K S', 53080, 'KANNIGA DEVI R', 'PANEL-84', 0, 0, 0, 0, 0, NULL, NULL),
(669, 'BAI', '20BAI1283', 'JIBRAN KOKAN', 53011, 'DEEPIKA ROSELIND J', 'PANEL-84', 0, 0, 0, 0, 0, NULL, NULL),
(670, 'BAI', '20BAI1284', 'CICIL MELBIN DENNY J', 52883, 'PAVITHRA S', 'PANEL-84', 0, 0, 0, 0, 0, NULL, NULL),
(671, 'BAI', '20BAI1287', 'N MRIDHULA', 51662, 'ANITA X', 'PANEL-84', 0, 0, 0, 0, 0, NULL, NULL),
(672, 'BAI', '20BAI1288', 'ARYAN SINGH KUSHWAHA', 52266, 'SUSEELA S', 'PANEL-84', 0, 0, 0, 0, 0, NULL, NULL),
(673, 'BAI', '20BAI1289', 'UPPANAPALLI LAKSHMI SOWJANYA', 52264, 'KRITHIGA R', 'PANEL-85', 0, 0, 0, 0, 0, NULL, NULL),
(674, 'BAI', '20BAI1290', 'AADITYA KUMAR SATHEESH KUMAR', 51669, 'A SWAMINATHAN', 'PANEL-85', 0, 0, 0, 0, 0, NULL, NULL),
(675, 'BAI', '20BAI1291', 'SHANTHANU GOPIKRISHNAN', 50307, 'PRIYAADHARSHINI M', 'PANEL-85', 0, 0, 0, 0, 0, NULL, NULL),
(676, 'BAI', '20BAI1293', 'LADI JEEVAN SAI', 53053, 'ANCY MICHEAL A', 'PANEL-85', 0, 0, 0, 0, 0, NULL, NULL),
(677, 'BAI', '20BAI1295', 'VIRAJ VEERABAHU', 51662, 'ANITA X', 'PANEL-85', 0, 0, 0, 0, 0, NULL, NULL),
(678, 'BAI', '20BAI1297', 'HARIKISHAN TAKOOR', 52283, 'MONICA', 'PANEL-85', 0, 0, 0, 0, 0, NULL, NULL),
(679, 'BAI', '20BAI1298', 'CHIRAG CHANDRASHEKAR', 51748, 'PRADEEP K', 'PANEL-85', 0, 0, 0, 0, 0, NULL, NULL),
(680, 'BAI', '20BAI1299', 'TASHI TOBGAY SHERPA', 52209, 'KAVITHA', 'PANEL-85', 0, 0, 0, 0, 0, NULL, NULL),
(681, 'BAI', '20BAI1300', 'SHARATH S', 52261, 'BHAVADHARINI R M', 'PANEL-86', 0, 0, 0, 0, 0, NULL, NULL),
(682, 'BAI', '20BAI1302', 'VRINDA ANIL THAKER', 53048, 'MALINI DEEPIKA ', 'PANEL-86', 0, 0, 0, 0, 0, NULL, NULL),
(683, 'BAI', '20BAI1303', 'VINAYAK VERMA', 53073, 'SENTHIL PRAKASH P N', 'PANEL-86', 0, 0, 0, 0, 0, NULL, NULL),
(684, 'BAI', '20BAI1304', 'T S HARSHINI', 52322, 'MODIGARI NARENDRA', 'PANEL-86', 0, 0, 0, 0, 0, NULL, NULL),
(685, 'BAI', '20BAI1305', 'T AYYAPPAN', 51325, 'PRASAD M', 'PANEL-86', 0, 0, 0, 0, 0, NULL, NULL),
(686, 'BAI', '20BAI1306', 'S SHARON ROSE', 52266, 'SUSEELA S', 'PANEL-86', 0, 0, 0, 0, 0, NULL, NULL),
(687, 'BAI', '20BAI1307', 'PRASHAM YATINKUMAR TITIYA', 50388, 'CHRISTY JACKSON J', 'PANEL-86', 0, 0, 0, 0, 0, NULL, NULL),
(688, 'BAI', '20BAI1308', 'AKSHAT KESHAV DHAMALE', 50879, 'RAJALAKSHMI R', 'PANEL-86', 0, 0, 0, 0, 0, NULL, NULL),
(689, 'BAI', '20BAI1311', 'RANJEESH KAIPPADA', 52266, 'SUSEELA S', 'PANEL-87', 0, 0, 0, 0, 0, NULL, NULL),
(690, 'BAI', '20BAI1312', 'JANICE ZIONA ABRAHAM', 50930, 'ANUSHA K', 'PANEL-87', 0, 0, 0, 0, 0, NULL, NULL),
(691, 'BAI', '20BAI1313', 'PRATIK V', 53157, 'SARAVANAN P', 'PANEL-87', 0, 0, 0, 0, 0, NULL, NULL),
(692, 'BAI', '20BAI1314', 'SHATAKSHI SHREE', 52285, 'SANDOSH', 'PANEL-87', 0, 0, 0, 0, 0, NULL, NULL),
(693, 'BAI', '20BAI1315', 'DEEPTHI SRINIVASAN', 50916, 'RENUKA DEVI S', 'PANEL-87', 0, 0, 0, 0, 0, NULL, NULL),
(694, 'BAI', '20BAI1318', 'YAJUS KISHOR', 53060, 'ANUBHA PEARLINE S', 'PANEL-87', 0, 0, 0, 0, 0, NULL, NULL),
(695, 'BAI', '20BAI1319', 'DEVANSHU KHEMKA', 52266, 'SUSEELA S', 'PANEL-87', 0, 0, 0, 0, 0, NULL, NULL),
(696, 'BPS', '20BPS1002', 'SHUBHASH S', 53037, 'LEKI CHOM THUNGON', 'PANEL-87', 0, 0, 0, 0, 0, NULL, NULL),
(697, 'BPS', '20BPS1003', 'AKANKSHA SINGH', 50064, 'SATHIS KUMAR B', 'PANEL-88', 0, 0, 0, 0, 0, NULL, NULL),
(698, 'BPS', '20BPS1004', 'MOHIT KUMAR', 52200, 'PRIYADARSHINI ', 'PANEL-88', 0, 0, 0, 0, 0, NULL, NULL),
(699, 'BPS', '20BPS1005', 'SIBASIS PANDA', 51653, 'EDWARD JERO', 'PANEL-88', 0, 0, 0, 0, 0, NULL, NULL),
(700, 'BPS', '20BPS1006', 'ANISH SAMANTARAY', 53160, 'POONKODI', 'PANEL-88', 0, 0, 0, 0, 0, NULL, NULL),
(701, 'BPS', '20BPS1007', 'SIDDHARTH M', 52851, 'S JAHANGEER SIDIQ', 'PANEL-88', 0, 0, 0, 0, 0, NULL, NULL),
(702, 'BPS', '20BPS1008', 'B LOHITEESH REDDY', 52200, 'PRIYADARSHINI ', 'PANEL-88', 0, 0, 0, 0, 0, NULL, NULL),
(703, 'BPS', '20BPS1009', 'VINISHA KINGRANI', 50926, 'JAYANTHI R', 'PANEL-88', 0, 0, 0, 0, 0, NULL, NULL),
(704, 'BPS', '20BPS1010', 'DHRUV GUPTA', 50432, 'SHOLA USHA RANI', 'PANEL-88', 0, 0, 0, 0, 0, NULL, NULL),
(705, 'BPS', '20BPS1011', 'VELIDANDA MANOJ REDDY', 53029, 'KANIMOZHI S', 'PANEL-89', 0, 0, 0, 0, 0, NULL, NULL),
(706, 'BPS', '20BPS1014', 'A S GIRISH THEJA', 52287, 'REVATHI ', 'PANEL-89', 0, 0, 0, 0, 0, NULL, NULL),
(707, 'BPS', '20BPS1017', 'SWAPNIL PANDEY', 51653, 'EDWARD JERO', 'PANEL-89', 0, 0, 0, 0, 0, NULL, NULL),
(708, 'BPS', '20BPS1018', 'ADITHYA M DILEEP', 53127, 'KAVITHA J C', 'PANEL-89', 0, 0, 0, 0, 0, NULL, NULL),
(709, 'BPS', '20BPS1019', 'SEELA SAI MANASWI', 52275, 'NOEL JEYGAR ROBERT V', 'PANEL-89', 0, 0, 0, 0, 0, NULL, NULL),
(710, 'BPS', '20BPS1021', 'ADITI SATAPATHY', 50064, 'SATHIS KUMAR B', 'PANEL-89', 0, 0, 0, 0, 0, NULL, NULL),
(711, 'BPS', '20BPS1022', 'PREYASH', 50438, 'SUGANYA G', 'PANEL-89', 0, 0, 0, 0, 0, NULL, NULL),
(712, 'BPS', '20BPS1025', 'ARPIT SAXENA', 52239, 'PADMAVATHY T V', 'PANEL-89', 0, 0, 0, 0, 0, NULL, NULL),
(713, 'BPS', '20BPS1026', 'AKASH KANDAKATLA', 51948, 'SUDHA ', 'PANEL-90', 0, 0, 0, 0, 0, NULL, NULL),
(714, 'BPS', '20BPS1028', 'SHIVAGURUNATH M', 50386, 'ABDUL QUADIR MD', 'PANEL-90', 0, 0, 0, 0, 0, NULL, NULL),
(715, 'BPS', '20BPS1029', 'ATHUL RAVI', 52284, 'BRINDHA', 'PANEL-90', 0, 0, 0, 0, 0, NULL, NULL),
(716, 'BPS', '20BPS1033', 'KUMAR RISHI', 52255, 'ABIRAMI S', 'PANEL-90', 0, 0, 0, 0, 0, NULL, NULL),
(717, 'BPS', '20BPS1039', 'ABHEEK RAJEEV', 52799, 'BENIL T', 'PANEL-90', 0, 0, 0, 0, 0, NULL, NULL),
(718, 'BPS', '20BPS1040', 'SARAVANAN C', 53160, 'POONKODI', 'PANEL-90', 0, 0, 0, 0, 0, NULL, NULL),
(719, 'BPS', '20BPS1041', 'TIRUMALASETTI DEVENDHAR', 53018, 'LAKSHMI PRIYA B', 'PANEL-90', 0, 0, 0, 0, 0, NULL, NULL),
(720, 'BPS', '20BPS1042', 'SIDDHARTH SURESH', 52239, 'PADMAVATHY T V', 'PANEL-90', 0, 0, 0, 0, 0, NULL, NULL),
(721, 'BPS', '20BPS1043', 'AVNI AHUJA', 50064, 'SATHIS KUMAR B', 'PANEL-91', 0, 0, 0, 0, 0, NULL, NULL),
(722, 'BPS', '20BPS1044', 'RADHIKA SOLANKI', 50064, 'SATHIS KUMAR B', 'PANEL-91', 0, 0, 0, 0, 0, NULL, NULL),
(723, 'BPS', '20BPS1045', 'ROHIT KRISHNAN', 53103, 'PADMANABAN R', 'PANEL-91', 0, 0, 0, 0, 0, NULL, NULL),
(724, 'BPS', '20BPS1047', 'LAMBU RAHUL KRISHNA SAI', 53029, 'KANIMOZHI S', 'PANEL-91', 0, 0, 0, 0, 0, NULL, NULL),
(725, 'BPS', '20BPS1049', 'ZAINA NAZIMUDEEN AHMED', 53011, 'DEEPIKA ROSELIND J', 'PANEL-91', 0, 0, 0, 0, 0, NULL, NULL),
(726, 'BPS', '20BPS1051', 'T HARSHA VARDHAN', 50380, 'RAJARAJESWARI S', 'PANEL-91', 0, 0, 0, 0, 0, NULL, NULL),
(727, 'BPS', '20BPS1053', 'ARAVIND P', 52350, 'ASHA JERLIN M', 'PANEL-91', 0, 0, 0, 0, 0, NULL, NULL),
(728, 'BPS', '20BPS1055', 'PRASAD ABHINAV VIJAYKUMAR', 51679, 'GANALA SANTOSHI', 'PANEL-91', 0, 0, 0, 0, 0, NULL, NULL),
(729, 'BPS', '20BPS1056', 'JAHNAVI M MENON', 50024, 'PRADEEP KUMAR  T S', 'PANEL-92', 0, 0, 0, 0, 0, NULL, NULL),
(730, 'BPS', '20BPS1058', 'APARNA', 53011, 'DEEPIKA ROSELIND J', 'PANEL-92', 0, 0, 0, 0, 0, NULL, NULL),
(731, 'BPS', '20BPS1060', 'SHANTANU', 52284, 'BRINDHA', 'PANEL-92', 0, 0, 0, 0, 0, NULL, NULL),
(732, 'BPS', '20BPS1064', 'AJITH SURESH NAIR', 50307, 'PRIYAADHARSHINI M', 'PANEL-92', 0, 0, 0, 0, 0, NULL, NULL),
(733, 'BPS', '20BPS1066', 'DISHANT KUMAR JAIN', 50064, 'SATHIS KUMAR B', 'PANEL-92', 0, 0, 0, 0, 0, NULL, NULL),
(734, 'BPS', '20BPS1067', 'Hari Ganesh P A', 52341, 'PRAVEEN JOE I R', 'PANEL-92', 0, 0, 0, 0, 0, NULL, NULL),
(735, 'BPS', '20BPS1068', 'AKANKSHA GOEL', 52310, 'MARIA ANU', 'PANEL-92', 0, 0, 0, 0, 0, NULL, NULL),
(736, 'BPS', '20BPS1069', 'SARAN R', 52279, 'RAMA PRABHA ', 'PANEL-92', 0, 0, 0, 0, 0, NULL, NULL),
(737, 'BPS', '20BPS1073', 'LAKSHMI SATHVIKA NANNAPANENI', 52264, 'KRITHIGA R', 'PANEL-93', 0, 0, 0, 0, 0, NULL, NULL),
(738, 'BPS', '20BPS1074', 'GOWRINAND UOTTOLY SYAMLAL', 50918, 'SHYAMALA L', 'PANEL-93', 0, 0, 0, 0, 0, NULL, NULL),
(739, 'BPS', '20BPS1079', 'SARVAIYA HARSHVARDHANSINH PARBATSINH', 52239, 'PADMAVATHY T V', 'PANEL-93', 0, 0, 0, 0, 0, NULL, NULL),
(740, 'BPS', '20BPS1080', 'MOHAN ARVIND S P', 50410, 'SANDHYA P', 'PANEL-93', 0, 0, 0, 0, 0, NULL, NULL),
(741, 'BPS', '20BPS1086', 'VL JOTHI KANNA', 53137, 'DHAVAKUMAR P', 'PANEL-93', 0, 0, 0, 0, 0, NULL, NULL),
(742, 'BPS', '20BPS1087', 'RITIK TIWARI', 50300, 'VISWANATHAN V', 'PANEL-93', 0, 0, 0, 0, 0, NULL, NULL),
(743, 'BPS', '20BPS1089', 'KANTUBHUKTA JANARDHAN', 53116, 'MADHESWARI', 'PANEL-93', 0, 0, 0, 0, 0, NULL, NULL),
(744, 'BPS', '20BPS1091', 'BOLLAM MEGHANA', 50380, 'RAJARAJESWARI S', 'PANEL-93', 0, 0, 0, 0, 0, NULL, NULL),
(745, 'BPS', '20BPS1092', 'GUNDA ASWANTH KUMAR', 50773, 'NAGARAJ S V', 'PANEL-94', 0, 0, 0, 0, 0, NULL, NULL),
(746, 'BPS', '20BPS1093', 'MULA REDDAIAH REDDY', 53029, 'KANIMOZHI S', 'PANEL-94', 0, 0, 0, 0, 0, NULL, NULL),
(747, 'BPS', '20BPS1095', 'KONDHARE MUGDHA RAJABHAU', 50380, 'RAJARAJESWARI S', 'PANEL-94', 0, 0, 0, 0, 0, NULL, NULL),
(748, 'BPS', '20BPS1097', 'NALAGANDLA ALEKYA RAMANI', 50024, 'PRADEEP KUMAR  T S', 'PANEL-94', 0, 0, 0, 0, 0, NULL, NULL),
(749, 'BPS', '20BPS1098', 'G VAGADEESHWAR', 50410, 'SANDHYA P', 'PANEL-94', 0, 0, 0, 0, 0, NULL, NULL),
(750, 'BPS', '20BPS1099', 'JALADI DEEPIKA', 52883, 'PAVITHRA S', 'PANEL-94', 0, 0, 0, 0, 0, NULL, NULL),
(751, 'BPS', '20BPS1101', 'RAM SRIKAR PUTCHA', 50154, 'RUKMANI P', 'PANEL-94', 0, 0, 0, 0, 0, NULL, NULL),
(752, 'BPS', '20BPS1102', 'AAYUSH KRISHNA', 53019, 'V BRINDHA', 'PANEL-94', 0, 0, 0, 0, 0, NULL, NULL),
(753, 'BPS', '20BPS1103', 'At abishek', 50276, 'B V A N S S PRABHAKAR RAO', 'PANEL-95', 0, 0, 0, 0, 0, NULL, NULL),
(754, 'BPS', '20BPS1105', 'ABHIMANYU SINGH', 51677, 'VEDHAPRIYAVADHANA', 'PANEL-95', 0, 0, 0, 0, 0, NULL, NULL),
(755, 'BPS', '20BPS1106', 'PRANAV VISWANATHAN', 53127, 'KAVITHA J C', 'PANEL-95', 0, 0, 0, 0, 0, NULL, NULL),
(756, 'BPS', '20BPS1107', 'NANDIGAM SARATH CHANDRA PAVAN RAM', 51653, 'EDWARD JERO', 'PANEL-95', 0, 0, 0, 0, 0, NULL, NULL),
(757, 'BPS', '20BPS1111', 'NARAYANEE NIMESHIKA G', 53124, 'SUBITHA D', 'PANEL-95', 0, 0, 0, 0, 0, NULL, NULL),
(758, 'BPS', '20BPS1113', 'M JAYANTH', 53157, 'SARAVANAN P', 'PANEL-95', 0, 0, 0, 0, 0, NULL, NULL),
(759, 'BPS', '20BPS1114', 'ANU B REDDY', 52275, 'NOEL JEYGAR ROBERT V', 'PANEL-95', 0, 0, 0, 0, 0, NULL, NULL),
(760, 'BPS', '20BPS1115', 'JAI GANESH C', 52287, 'REVATHI ', 'PANEL-95', 0, 0, 0, 0, 0, NULL, NULL),
(761, 'BPS', '20BPS1118', 'AASTHA BANSAL', 52200, 'PRIYADARSHINI ', 'PANEL-96', 0, 0, 0, 0, 0, NULL, NULL),
(762, 'BPS', '20BPS1119', 'S SRIVIDHYA', 53019, 'V BRINDHA', 'PANEL-96', 0, 0, 0, 0, 0, NULL, NULL),
(763, 'BPS', '20BPS1120', 'KAUSHAL C', 52859, 'SOBITHA AHILA S', 'PANEL-96', 0, 0, 0, 0, 0, NULL, NULL),
(764, 'BPS', '20BPS1126', 'KARTHIK UTHAMAN', 52335, 'AMUTHA S', 'PANEL-96', 0, 0, 0, 0, 0, NULL, NULL),
(765, 'BPS', '20BPS1128', 'DIVYAANSH AGARWAL', 51947, 'RAJAKUMAR ', 'PANEL-96', 0, 0, 0, 0, 0, NULL, NULL),
(766, 'BPS', '20BPS1132', 'VYSHNAVI SUNIL KUMAR', 53103, 'PADMANABAN R', 'PANEL-96', 0, 0, 0, 0, 0, NULL, NULL),
(767, 'BPS', '20BPS1133', 'DEEPTHI M', 51947, 'RAJAKUMAR ', 'PANEL-96', 0, 0, 0, 0, 0, NULL, NULL),
(768, 'BPS', '20BPS1134', 'SHIVAMM SRRINIVAS WARAMBHEY', 51677, 'VEDHAPRIYAVADHANA', 'PANEL-96', 0, 0, 0, 0, 0, NULL, NULL),
(769, 'BPS', '20BPS1135', 'AYUSHI TRIVEDI', 51658, 'PARKAVI K', 'PANEL-97', 0, 0, 0, 0, 0, NULL, NULL),
(770, 'BPS', '20BPS1136', 'VINNA SATYA DURGA SAI SRINIVAS', 50440, 'SRIDHAR R', 'PANEL-97', 0, 0, 0, 0, 0, NULL, NULL),
(771, 'BPS', '20BPS1137', 'KANCHARLA NAVEEN KUMAR', 53019, 'V BRINDHA', 'PANEL-97', 0, 0, 0, 0, 0, NULL, NULL),
(772, 'BPS', '20BPS1140', 'DHRUV KAUSHIK', 53019, 'V BRINDHA', 'PANEL-97', 0, 0, 0, 0, 0, NULL, NULL),
(773, 'BPS', '20BPS1141', '\"SURESH BABU', 0, '53093', 'ARAVINDKUMAR S', 0, 0, 0, 0, 0, NULL, NULL),
(774, 'BPS', '20BPS1143', 'A S PRAMESH', 52209, 'KAVITHA', 'PANEL-97', 0, 0, 0, 0, 0, NULL, NULL),
(775, 'BPS', '20BPS1144', 'ARYAN ARORA', 52239, 'PADMAVATHY T V', 'PANEL-97', 0, 0, 0, 0, 0, NULL, NULL),
(776, 'BPS', '20BPS1145', 'HARSH DESWAL', 52239, 'PADMAVATHY T V', 'PANEL-97', 0, 0, 0, 0, 0, NULL, NULL),
(777, 'BPS', '20BPS1146', 'SREERAMDASU VENKATA SAI AKHIL', 53029, 'KANIMOZHI S', 'PANEL-98', 0, 0, 0, 0, 0, NULL, NULL),
(778, 'BPS', '20BPS1148', 'SHIVAM JAISWAL', 50301, 'RAJKUMAR S', 'PANEL-98', 0, 0, 0, 0, 0, NULL, NULL),
(779, 'BPS', '20BPS1149', 'PRADHYUMAN ARORA', 50299, 'S. BHARATHI RAJA', 'PANEL-98', 0, 0, 0, 0, 0, NULL, NULL),
(780, 'BPS', '20BPS1150', 'RAGHAV ADITYA S', 52350, 'ASHA JERLIN M', 'PANEL-98', 0, 0, 0, 0, 0, NULL, NULL),
(781, 'BPS', '20BPS1151', 'NEHAAL REDDY A', 53017, 'JANNATH NISHA O S', 'PANEL-98', 0, 0, 0, 0, 0, NULL, NULL),
(782, 'BPS', '20BPS1152', 'MOHNISH KUMAAR D', 53157, 'SARAVANAN P', 'PANEL-98', 0, 0, 0, 0, 0, NULL, NULL),
(783, 'BPS', '20BPS1153', 'S SWETHA', 51947, 'RAJAKUMAR ', 'PANEL-98', 0, 0, 0, 0, 0, NULL, NULL),
(784, 'BPS', '20BPS1155', 'J DEEPAKKUMAR', 52859, 'SOBITHA AHILA S', 'PANEL-98', 0, 0, 0, 0, 0, NULL, NULL),
(785, 'BPS', '20BPS1156', 'DECHEN DORJI', 52859, 'SOBITHA AHILA S', 'PANEL-99', 0, 0, 0, 0, 0, NULL, NULL),
(786, 'BPS', '20BPS1157', 'S S SUDEEKSHAA', 53094, 'KAVIYA ELAKKIYA M', 'PANEL-99', 0, 0, 0, 0, 0, NULL, NULL),
(787, 'BPS', '20BPS1158', 'THOTA VARSHIKA', 53011, 'DEEPIKA ROSELIND J', 'PANEL-99', 0, 0, 0, 0, 0, NULL, NULL),
(788, 'BPS', '20BPS1159', 'DIVJOT SINGH', 53019, 'V BRINDHA', 'PANEL-99', 0, 0, 0, 0, 0, NULL, NULL),
(789, 'BPS', '20BPS1160', 'TAMARALA SREE NIKITHA', 53073, 'SENTHIL PRAKASH P N', 'PANEL-99', 0, 0, 0, 0, 0, NULL, NULL),
(790, 'BPS', '20BPS1161', 'PENTA REVANTH', 52247, 'TAMILARASI K', 'PANEL-99', 0, 0, 0, 0, 0, NULL, NULL),
(791, 'BPS', '20BPS1162', 'POORVESH MUGUNTHAN MUTHURAMAN', 53080, 'KANNIGA DEVI R', 'PANEL-99', 0, 0, 0, 0, 0, NULL, NULL),
(792, 'BRS', '20BRS1001', 'A ABINAYA SRI', 51679, 'GANALA SANTOSHI', 'PANEL-99', 0, 0, 0, 0, 0, NULL, NULL),
(793, 'BRS', '20BRS1002', 'JAGRIT TANEJA', 51656, 'MENAKA PUSHPA A', 'PANEL-100', 0, 0, 0, 0, 0, NULL, NULL),
(794, 'BRS', '20BRS1003', 'PHADE RIDDHI YOGESH', 53075, 'KAJA MOHIDEEN A', 'PANEL-100', 0, 0, 0, 0, 0, NULL, NULL),
(795, 'BRS', '20BRS1004', 'JAJAPURAM GIRIDHAR REDDY', 52334, 'SANGEETHA N', 'PANEL-100', 0, 0, 0, 0, 0, NULL, NULL),
(796, 'BRS', '20BRS1005', 'CHRISTIN T KUNJUMON', 52255, 'ABIRAMI S', 'PANEL-100', 0, 0, 0, 0, 0, NULL, NULL),
(797, 'BRS', '20BRS1012', 'D KARTHAVYA', 50266, 'SHRIDEVI S', 'PANEL-100', 0, 0, 0, 0, 0, NULL, NULL),
(798, 'BRS', '20BRS1013', 'NISHANTH N', 52883, 'PAVITHRA S', 'PANEL-100', 0, 0, 0, 0, 0, NULL, NULL),
(799, 'BRS', '20BRS1015', 'DINESH D', 50176, 'GRACELINE JASMINE S', 'PANEL-100', 0, 0, 0, 0, 0, NULL, NULL),
(800, 'BRS', '20BRS1016', 'ANANYA DIKSHIT', 51679, 'GANALA SANTOSHI', 'PANEL-100', 0, 0, 0, 0, 0, NULL, NULL),
(801, 'BRS', '20BRS1017', 'BELESWAR PRASAD PADHI', 50569, 'SUBBULAKSHMI T', 'PANEL-101', 0, 0, 0, 0, 0, NULL, NULL),
(802, 'BRS', '20BRS1022', 'NITISH MENON', 52335, 'AMUTHA S', 'PANEL-101', 0, 0, 0, 0, 0, NULL, NULL),
(803, 'BRS', '20BRS1023', 'HATHIBELAGAL RAGHAVENDRA RAO', 53039, 'SUVIDHA RUPESH KUMAR', 'PANEL-101', 0, 0, 0, 0, 0, NULL, NULL),
(804, 'BRS', '20BRS1024', 'ALAN SHAJI', 50432, 'SHOLA USHA RANI', 'PANEL-101', 0, 0, 0, 0, 0, NULL, NULL),
(805, 'BRS', '20BRS1025', 'VARUN PATRIKAR', 50303, 'MALATHI G', 'PANEL-101', 0, 0, 0, 0, 0, NULL, NULL),
(806, 'BRS', '20BRS1027', 'PALAKURU LEENA REDDY', 52345, 'N M ELANGO', 'PANEL-101', 0, 0, 0, 0, 0, NULL, NULL),
(807, 'BRS', '20BRS1028', 'KIRAN PRASATH D K', 50388, 'CHRISTY JACKSON J', 'PANEL-101', 0, 0, 0, 0, 0, NULL, NULL),
(808, 'BRS', '20BRS1029', 'HAROON MUHAMMED', 52278, 'MANJULA V', 'PANEL-101', 0, 0, 0, 0, 0, NULL, NULL),
(809, 'BRS', '20BRS1035', 'HRITIK GOEL', 50918, 'SHYAMALA L', 'PANEL-102', 0, 0, 0, 0, 0, NULL, NULL),
(810, 'BRS', '20BRS1036', 'SHRIVASTAVA GAURAV JAYANT', 52256, 'SATHIAN D', 'PANEL-102', 0, 0, 0, 0, 0, NULL, NULL),
(811, 'BRS', '20BRS1038', 'KULKARNI ANIKET ASHOK', 50432, 'SHOLA USHA RANI', 'PANEL-102', 0, 0, 0, 0, 0, NULL, NULL),
(812, 'BRS', '20BRS1042', 'SAHAY ISHAAN', 50049, 'NITHYA DARISINI  P S', 'PANEL-102', 0, 0, 0, 0, 0, NULL, NULL),
(813, 'BRS', '20BRS1046', 'GANTI VENKATA VARSHINI', 51680, 'V. SAKTHIVEL', 'PANEL-102', 0, 0, 0, 0, 0, NULL, NULL),
(814, 'BRS', '20BRS1047', 'SASHREEK KRISHNAN', 52858, 'SUGANYA R', 'PANEL-102', 0, 0, 0, 0, 0, NULL, NULL),
(815, 'BRS', '20BRS1051', 'MANU PRADEEP KUMAR', 51344, 'RADHIKA SELVAMANI', 'PANEL-102', 0, 0, 0, 0, 0, NULL, NULL),
(816, 'BRS', '20BRS1053', 'SACCHIN G SUNDAR', 50161, 'NAYEEMULLA KHAN', 'PANEL-102', 0, 0, 0, 0, 0, NULL, NULL),
(817, 'BRS', '20BRS1057', 'RISHITA RAI', 50432, 'SHOLA USHA RANI', 'PANEL-103', 0, 0, 0, 0, 0, NULL, NULL),
(818, 'BRS', '20BRS1058', 'ASWIN SIVADAS', 53139, 'INDIRA B', 'PANEL-103', 0, 0, 0, 0, 0, NULL, NULL),
(819, 'BRS', '20BRS1060', 'NIRUPAMA RATHINAVEL', 50311, 'KANCHANA DEVI V', 'PANEL-103', 0, 0, 0, 0, 0, NULL, NULL),
(820, 'BRS', '20BRS1064', 'SUBHRANSHU PATI', 51682, 'PRAKASH P', 'PANEL-103', 0, 0, 0, 0, 0, NULL, NULL),
(821, 'BRS', '20BRS1065', 'RISHABH JAIN PATNI', 50315, 'JAYARAM B', 'PANEL-103', 0, 0, 0, 0, 0, NULL, NULL),
(822, 'BRS', '20BRS1066', 'SAI THARUN V', 50160, 'MAHESWARI N', 'PANEL-103', 0, 0, 0, 0, 0, NULL, NULL),
(823, 'BRS', '20BRS1067', 'ARUNACHALAM V', 50160, 'MAHESWARI N', 'PANEL-103', 0, 0, 0, 0, 0, NULL, NULL),
(824, 'BRS', '20BRS1070', 'NACHIKET GANAPATI GERSAPPA', 50024, 'PRADEEP KUMAR  T S', 'PANEL-103', 0, 0, 0, 0, 0, NULL, NULL),
(825, 'BRS', '20BRS1071', 'AJMERA DEVANSH BHAVESH', 52250, 'TRILOK NATH PANDEY', 'PANEL-104', 0, 0, 0, 0, 0, NULL, NULL),
(826, 'BRS', '20BRS1072', 'ROSHAN AHMED N', 53136, 'SRIDEVI S', 'PANEL-104', 0, 0, 0, 0, 0, NULL, NULL),
(827, 'BRS', '20BRS1074', 'PALRECHA KRITISH YOGESH', 50432, 'SHOLA USHA RANI', 'PANEL-104', 0, 0, 0, 0, 0, NULL, NULL),
(828, 'BRS', '20BRS1075', 'AMAN GUPTA', 50161, 'NAYEEMULLA KHAN', 'PANEL-104', 0, 0, 0, 0, 0, NULL, NULL),
(829, 'BRS', '20BRS1080', 'ARUN PRASATH B', 50094, 'JEGANNATHAN L', 'PANEL-104', 0, 0, 0, 0, 0, NULL, NULL),
(830, 'BRS', '20BRS1082', 'DADI SIRI', 50311, 'KANCHANA DEVI V', 'PANEL-104', 0, 0, 0, 0, 0, NULL, NULL),
(831, 'BRS', '20BRS1086', 'G CHARAN SAI', 50318, 'NIVEDITA M', 'PANEL-104', 0, 0, 0, 0, 0, NULL, NULL),
(832, 'BRS', '20BRS1087', 'SHAZIL', 52858, 'SUGANYA R', 'PANEL-104', 0, 0, 0, 0, 0, NULL, NULL),
(833, 'BRS', '20BRS1089', 'AADITYA BAGADDEO', 52256, 'SATHIAN D', 'PANEL-105', 0, 0, 0, 0, 0, NULL, NULL),
(834, 'BRS', '20BRS1090', 'YUKTA BHATTI', 51680, 'V. SAKTHIVEL', 'PANEL-105', 0, 0, 0, 0, 0, NULL, NULL),
(835, 'BRS', '20BRS1091', 'POOJA R', 52836, 'VALLIDEVI K', 'PANEL-105', 0, 0, 0, 0, 0, NULL, NULL),
(836, 'BRS', '20BRS1092', 'NETHRA SAI M', 51680, 'V. SAKTHIVEL', 'PANEL-105', 0, 0, 0, 0, 0, NULL, NULL),
(837, 'BRS', '20BRS1094', 'RISHIK KUMAR', 50178, 'APPALARAJU MURALIDHAR', 'PANEL-105', 0, 0, 0, 0, 0, NULL, NULL),
(838, 'BRS', '20BRS1095', 'SHIVAM AKHOURI', 51461, 'BALASUNDARAM A', 'PANEL-105', 0, 0, 0, 0, 0, NULL, NULL),
(839, 'BRS', '20BRS1097', 'PALLAPROLU PRAGNESH KUMAR', 52277, 'ARUNKUMAR', 'PANEL-105', 0, 0, 0, 0, 0, NULL, NULL),
(840, 'BRS', '20BRS1098', 'ANUJ SINGH CHAUHAN', 52277, 'ARUNKUMAR', 'PANEL-105', 0, 0, 0, 0, 0, NULL, NULL),
(841, 'BRS', '20BRS1099', 'PRITHU SHUKLA', 51656, 'MENAKA PUSHPA A', 'PANEL-106', 0, 0, 0, 0, 0, NULL, NULL),
(842, 'BRS', '20BRS1102', 'A RAHUL', 53166, 'MARIMUTHU', 'PANEL-106', 0, 0, 0, 0, 0, NULL, NULL),
(843, 'BRS', '20BRS1103', 'RACHIT MEHUL PATHAK', 52278, 'MANJULA V', 'PANEL-106', 0, 0, 0, 0, 0, NULL, NULL),
(844, 'BRS', '20BRS1104', 'MUDUNURI AJAY VARMA', 50422, 'PRIYADARSHINI J', 'PANEL-106', 0, 0, 0, 0, 0, NULL, NULL),
(845, 'BRS', '20BRS1106', 'RITIKA LAKSHMINARAYANAN', 51339, 'SK AYESHA', 'PANEL-106', 0, 0, 0, 0, 0, NULL, NULL),
(846, 'BRS', '20BRS1107', 'YASH ULHAS AMBRE', 52858, 'SUGANYA R', 'PANEL-106', 0, 0, 0, 0, 0, NULL, NULL),
(847, 'BRS', '20BRS1108', 'KONDA SATWIKA', 50049, 'NITHYA DARISINI  P S', 'PANEL-106', 0, 0, 0, 0, 0, NULL, NULL),
(848, 'BRS', '20BRS1109', 'RAMYA T', 52325, 'MANSOOR HUSSAIN D', 'PANEL-106', 0, 0, 0, 0, 0, NULL, NULL),
(849, 'BRS', '20BRS1110', 'NEHA RAGESH NAMBIAR', 52195, 'A SHEIK ABDULLAH ', 'PANEL-107', 0, 0, 0, 0, 0, NULL, NULL),
(850, 'BRS', '20BRS1111', 'KAVYA PALIWAL', 53037, 'LEKI CHOM THUNGON', 'PANEL-107', 0, 0, 0, 0, 0, NULL, NULL),
(851, 'BRS', '20BRS1112', 'VYAS SHREY BAKULBHAI', 50024, 'PRADEEP KUMAR  T S', 'PANEL-107', 0, 0, 0, 0, 0, NULL, NULL),
(852, 'BRS', '20BRS1113', 'MADHU VANTHI SANKAR GANESH', 53018, 'LAKSHMI PRIYA B', 'PANEL-107', 0, 0, 0, 0, 0, NULL, NULL),
(853, 'BRS', '20BRS1115', 'KRISHNA SARAWAGI', 52284, 'BRINDHA', 'PANEL-107', 0, 0, 0, 0, 0, NULL, NULL),
(854, 'BRS', '20BRS1119', 'ABRAHAM KURIAKOSE', 50315, 'JAYARAM B', 'PANEL-107', 0, 0, 0, 0, 0, NULL, NULL),
(855, 'BRS', '20BRS1120', 'LAVISH R JAIN', 51339, 'SK AYESHA', 'PANEL-107', 0, 0, 0, 0, 0, NULL, NULL),
(856, 'BRS', '20BRS1122', 'SHAH SURAJ PAVAN', 50315, 'JAYARAM B', 'PANEL-107', 0, 0, 0, 0, 0, NULL, NULL),
(857, 'BRS', '20BRS1125', 'T S VARSHINI', 50154, 'RUKMANI P', 'PANEL-108', 0, 0, 0, 0, 0, NULL, NULL),
(858, 'BRS', '20BRS1129', 'SAI TEJA BANDARU', 50160, 'MAHESWARI N', 'PANEL-108', 0, 0, 0, 0, 0, NULL, NULL),
(859, 'BRS', '20BRS1130', 'KAJAVE OM ANIL', 51948, 'SUDHA ', 'PANEL-108', 0, 0, 0, 0, 0, NULL, NULL),
(860, 'BRS', '20BRS1131', 'MUDIT ARUKIA', 52278, 'MANJULA V', 'PANEL-108', 0, 0, 0, 0, 0, NULL, NULL),
(861, 'BRS', '20BRS1132', 'PRATYAKSH MUNDRA', 52256, 'SATHIAN D', 'PANEL-108', 0, 0, 0, 0, 0, NULL, NULL),
(862, 'BRS', '20BRS1136', 'ARUN ADHITHIYA V S', 50160, 'MAHESWARI N', 'PANEL-108', 0, 0, 0, 0, 0, NULL, NULL),
(863, 'BRS', '20BRS1137', 'S ABENAV RAM', 50590, 'ASNATH VICTY PHAMILA Y', 'PANEL-108', 0, 0, 0, 0, 0, NULL, NULL),
(864, 'BRS', '20BRS1138', 'BORDA DHRUVIL RAJESHKUMAR', 51679, 'GANALA SANTOSHI', 'PANEL-108', 0, 0, 0, 0, 0, NULL, NULL),
(865, 'BRS', '20BRS1139', 'GIRIDHAR S', 50159, 'HARINI S', 'PANEL-109', 0, 0, 0, 0, 0, NULL, NULL),
(866, 'BRS', '20BRS1143', 'N AISHWARYA', 52277, 'ARUNKUMAR', 'PANEL-109', 0, 0, 0, 0, 0, NULL, NULL),
(867, 'BRS', '20BRS1144', 'DHAMANSE SHAMISH SANJIVKUMAR', 50352, 'JENILA LIVINGSTON L M', 'PANEL-109', 0, 0, 0, 0, 0, NULL, NULL),
(868, 'BRS', '20BRS1148', 'VIGNESH V', 53126, 'KABILAN K', 'PANEL-109', 0, 0, 0, 0, 0, NULL, NULL),
(869, 'BRS', '20BRS1149', 'AMOGH SINGH', 50879, 'RAJALAKSHMI R', 'PANEL-109', 0, 0, 0, 0, 0, NULL, NULL),
(870, 'BRS', '20BRS1150', 'ALABHYA SHARMA', 51461, 'BALASUNDARAM A', 'PANEL-109', 0, 0, 0, 0, 0, NULL, NULL),
(871, 'BRS', '20BRS1151', 'AAKARSH KRISHNA S', 53160, 'POONKODI', 'PANEL-109', 0, 0, 0, 0, 0, NULL, NULL),
(872, 'BRS', '20BRS1153', 'SHREYA SHRI RAGI', 52342, 'SARASWATHI D', 'PANEL-109', 0, 0, 0, 0, 0, NULL, NULL),
(873, 'BRS', '20BRS1154', 'PARANGAT SINGH', 51962, 'SHRUTI ', 'PANEL-110', 0, 0, 0, 0, 0, NULL, NULL),
(874, 'BRS', '20BRS1157', 'KADALI CHAITANYA PRANEETH', 50201, 'UMITTY SRINIVASA RAO', 'PANEL-110', 0, 0, 0, 0, 0, NULL, NULL),
(875, 'BRS', '20BRS1159', 'ROHAN JACOB JOHN', 51680, 'V. SAKTHIVEL', 'PANEL-110', 0, 0, 0, 0, 0, NULL, NULL),
(876, 'BRS', '20BRS1160', 'ASWATHI MANOJ KUMAR', 50237, 'SALEENA B', 'PANEL-110', 0, 0, 0, 0, 0, NULL, NULL),
(877, 'BRS', '20BRS1161', 'SAVIO SAJAN MOLOPARAMBIL', 50237, 'SALEENA B', 'PANEL-110', 0, 0, 0, 0, 0, NULL, NULL),
(878, 'BRS', '20BRS1162', 'SATHVIKA R', 52215, 'SUGUNA', 'PANEL-110', 0, 0, 0, 0, 0, NULL, NULL),
(879, 'BRS', '20BRS1163', 'CHANDRAMAULI SHASTRI', 50388, 'CHRISTY JACKSON J', 'PANEL-110', 0, 0, 0, 0, 0, NULL, NULL),
(880, 'BRS', '20BRS1164', 'RAIZ BADARUDHEEN', 51651, 'MUTHUKUMARAN K', 'PANEL-110', 0, 0, 0, 0, 0, NULL, NULL),
(881, 'BRS', '20BRS1165', 'AGNIVA DEBSHARMA', 53137, 'DHAVAKUMAR P', 'PANEL-111', 0, 0, 0, 0, 0, NULL, NULL),
(882, 'BRS', '20BRS1166', 'ARANYAA A KHATAWATE', 52342, 'SARASWATHI D', 'PANEL-111', 0, 0, 0, 0, 0, NULL, NULL),
(883, 'BRS', '20BRS1167', 'ANANYA KOTHIYAL', 51651, 'MUTHUKUMARAN K', 'PANEL-111', 0, 0, 0, 0, 0, NULL, NULL),
(884, 'BRS', '20BRS1168', 'VISHAL KUMAR MAHATHA', 53164, 'AHADIT', 'PANEL-111', 0, 0, 0, 0, 0, NULL, NULL),
(885, 'BRS', '20BRS1170', 'RITESH MOHANTY', 50930, 'ANUSHA K', 'PANEL-111', 0, 0, 0, 0, 0, NULL, NULL),
(886, 'BRS', '20BRS1171', 'HELLY DHAMESHA', 50186, 'PARVATHI R', 'PANEL-111', 0, 0, 0, 0, 0, NULL, NULL),
(887, 'BRS', '20BRS1172', 'NITHESH KUMAR A', 53157, 'SARAVANAN P', 'PANEL-111', 0, 0, 0, 0, 0, NULL, NULL),
(888, 'BRS', '20BRS1173', 'EESHAAN DHANUKA', 53137, 'DHAVAKUMAR P', 'PANEL-111', 0, 0, 0, 0, 0, NULL, NULL),
(889, 'BRS', '20BRS1174', 'VIDHI BHAGWANDAS AJBANI', 52250, 'TRILOK NATH PANDEY', 'PANEL-112', 0, 0, 0, 0, 0, NULL, NULL),
(890, 'BRS', '20BRS1176', 'GEORGE MATHEW', 53145, 'VIGNESH U', 'PANEL-112', 0, 0, 0, 0, 0, NULL, NULL),
(891, 'BRS', '20BRS1177', 'PUTTAPALLY NAVANEETH REDDY', 53039, 'SUVIDHA RUPESH KUMAR', 'PANEL-112', 0, 0, 0, 0, 0, NULL, NULL),
(892, 'BRS', '20BRS1179', 'HARSHENEE C B', 50249, 'PRAKASH B', 'PANEL-112', 0, 0, 0, 0, 0, NULL, NULL),
(893, 'BRS', '20BRS1180', 'AMRITKAR SAHIL CHANDRAMOHAN', 51457, 'MANAS RANJAN PRUSTY', 'PANEL-112', 0, 0, 0, 0, 0, NULL, NULL),
(894, 'BRS', '20BRS1182', 'ANIRUDH RAMANATHAN', 53126, 'KABILAN K', 'PANEL-112', 0, 0, 0, 0, 0, NULL, NULL),
(895, 'BRS', '20BRS1183', 'BAPAT CHINMAY INDRANIL', 51948, 'SUDHA ', 'PANEL-112', 0, 0, 0, 0, 0, NULL, NULL),
(896, 'BRS', '20BRS1184', 'ADITI JAISWAL', 51344, 'RADHIKA SELVAMANI', 'PANEL-112', 0, 0, 0, 0, 0, NULL, NULL),
(897, 'BRS', '20BRS1186', 'GNANABHARATHI S', 50359, 'REKHA D', 'PANEL-113', 0, 0, 0, 0, 0, NULL, NULL),
(898, 'BRS', '20BRS1187', 'ADITYA KUMAR SINGH', 50311, 'KANCHANA DEVI V', 'PANEL-113', 0, 0, 0, 0, 0, NULL, NULL),
(899, 'BRS', '20BRS1188', 'PRITHVI RAJ GUNTHA', 52262, 'MERCY RAJASELVI BEAULAH P', 'PANEL-113', 0, 0, 0, 0, 0, NULL, NULL),
(900, 'BRS', '20BRS1190', 'S SHRIKRISH', 53164, 'AHADIT', 'PANEL-113', 0, 0, 0, 0, 0, NULL, NULL),
(901, 'BRS', '20BRS1191', 'HARDIK GUPTA', 50311, 'KANCHANA DEVI V', 'PANEL-113', 0, 0, 0, 0, 0, NULL, NULL),
(902, 'BRS', '20BRS1192', 'R HARISH', 50359, 'REKHA D', 'PANEL-113', 0, 0, 0, 0, 0, NULL, NULL),
(903, 'BRS', '20BRS1194', 'SARATH ADHITHYA S', 50388, 'CHRISTY JACKSON J', 'PANEL-113', 0, 0, 0, 0, 0, NULL, NULL),
(904, 'BRS', '20BRS1195', 'NAVANEETH AMARNATH', 53030, 'DEEPA NIVETHIKA', 'PANEL-113', 0, 0, 0, 0, 0, NULL, NULL),
(905, 'BRS', '20BRS1197', 'VALAMBE HARSH ASHOK', 51344, 'RADHIKA SELVAMANI', 'PANEL-114', 0, 0, 0, 0, 0, NULL, NULL),
(906, 'BRS', '20BRS1198', 'AQIB KHAN', 53137, 'DHAVAKUMAR P', 'PANEL-114', 0, 0, 0, 0, 0, NULL, NULL),
(907, 'BRS', '20BRS1200', 'SHREYA RAMARAO', 52345, 'N M ELANGO', 'PANEL-114', 0, 0, 0, 0, 0, NULL, NULL),
(908, 'BRS', '20BRS1201', 'B RAKSHITH', 52277, 'ARUNKUMAR', 'PANEL-114', 0, 0, 0, 0, 0, NULL, NULL),
(909, 'BRS', '20BRS1202', 'MADHAV SRIVALSAN', 53093, 'ARAVINDKUMAR S', 'PANEL-114', 0, 0, 0, 0, 0, NULL, NULL),
(910, 'BRS', '20BRS1203', 'TANMAY NARANG', 50338, 'GANESAN R', 'PANEL-114', 0, 0, 0, 0, 0, NULL, NULL),
(911, 'BRS', '20BRS1204', 'ROHIL AHUJA', 50237, 'SALEENA B', 'PANEL-114', 0, 0, 0, 0, 0, NULL, NULL),
(912, 'BRS', '20BRS1205', 'SAMIK SARASWAT', 50303, 'MALATHI G', 'PANEL-114', 0, 0, 0, 0, 0, NULL, NULL),
(913, 'BRS', '20BRS1206', 'R M KAVIYA SREE', 52836, 'VALLIDEVI K', 'PANEL-115', 0, 0, 0, 0, 0, NULL, NULL),
(914, 'BRS', '20BRS1207', 'MUDUNOORI ROHAN RAJ', 50404, 'RAJIV VINCENT', 'PANEL-115', 0, 0, 0, 0, 0, NULL, NULL),
(915, 'BRS', '20BRS1208', 'PULIPATI JE SAI KAILASH', 52851, 'S JAHANGEER SIDIQ', 'PANEL-115', 0, 0, 0, 0, 0, NULL, NULL),
(916, 'BRS', '20BRS1209', 'ABHINAV BHATIA', 50049, 'NITHYA DARISINI  P S', 'PANEL-115', 0, 0, 0, 0, 0, NULL, NULL),
(917, 'BRS', '20BRS1210', 'GURUPRASATH S', 53126, 'KABILAN K', 'PANEL-115', 0, 0, 0, 0, 0, NULL, NULL),
(918, 'BRS', '20BRS1211', 'JEYAHARI RAJASEKAR', 52325, 'MANSOOR HUSSAIN D', 'PANEL-115', 0, 0, 0, 0, 0, NULL, NULL),
(919, 'BRS', '20BRS1212', 'LALITADITYA CHARAPANJERI', 50315, 'JAYARAM B', 'PANEL-115', 0, 0, 0, 0, 0, NULL, NULL),
(920, 'BRS', '20BRS1213', 'RHITHIK RAJ K', 53030, 'DEEPA NIVETHIKA', 'PANEL-115', 0, 0, 0, 0, 0, NULL, NULL),
(921, 'BRS', '20BRS1214', 'DEVIKA RAJASEKAR', 51680, 'V. SAKTHIVEL', 'PANEL-116', 0, 0, 0, 0, 0, NULL, NULL),
(922, 'BRS', '20BRS1215', 'SHRUTHI S', 50384, 'NEELANARAYANAN V', 'PANEL-116', 0, 0, 0, 0, 0, NULL, NULL),
(923, 'BRS', '20BRS1216', 'SOURASISH PAL', 52250, 'TRILOK NATH PANDEY', 'PANEL-116', 0, 0, 0, 0, 0, NULL, NULL),
(924, 'BRS', '20BRS1217', 'VIGNESH SURENDRAN', 53145, 'VIGNESH U', 'PANEL-116', 0, 0, 0, 0, 0, NULL, NULL),
(925, 'BRS', '20BRS1218', 'PENMETSA GAJENDRA VARMA', 50916, 'RENUKA DEVI S', 'PANEL-116', 0, 0, 0, 0, 0, NULL, NULL),
(926, 'BRS', '20BRS1225', 'AAKASH HARIHARAN', 50384, 'NEELANARAYANAN V', 'PANEL-116', 0, 0, 0, 0, 0, NULL, NULL),
(927, 'BRS', '20BRS1227', 'EBIN SAM T J', 53126, 'KABILAN K', 'PANEL-116', 0, 0, 0, 0, 0, NULL, NULL),
(928, 'BRS', '20BRS1229', 'JAGADISH R', 53166, 'MARIMUTHU', 'PANEL-116', 0, 0, 0, 0, 0, NULL, NULL),
(929, 'BRS', '20BRS1230', 'PRATYUSH ARORA', 52309, 'SMRITHY', 'PANEL-117', 0, 0, 0, 0, 0, NULL, NULL),
(930, 'BRS', '20BRS1231', 'HARISH KUMAR K', 50359, 'REKHA D', 'PANEL-117', 0, 0, 0, 0, 0, NULL, NULL),
(931, 'BRS', '20BRS1232', 'MAKKENA NAVEEN KRISHNA', 53039, 'SUVIDHA RUPESH KUMAR', 'PANEL-117', 0, 0, 0, 0, 0, NULL, NULL);
INSERT INTO `student_table` (`SNO`, `PGM`, `REG_NO`, `STUDENT_NAME`, `_ERP_ID`, `GUIDE_NAME`, `PANEL_NO`, `s_m1`, `s_m2`, `s_m3`, `s_m4`, `s_tot`, `s_attendance`, `s_approval`) VALUES
(932, 'BRS', '20BRS1233', 'KRISHNA VINOD', 52255, 'ABIRAMI S', 'PANEL-117', 0, 0, 0, 0, 0, NULL, NULL),
(933, 'BRS', '20BRS1234', 'ASHISH CHOUDHARY', 50138, 'VERGIN RAJA SAROBIN M', 'PANEL-117', 0, 0, 0, 0, 0, NULL, NULL),
(934, 'BRS', '20BRS1235', 'PRITHVI JAI R', 50359, 'REKHA D', 'PANEL-117', 0, 0, 0, 0, 0, NULL, NULL),
(935, 'BRS', '20BRS1237', 'KODHAI U', 50311, 'KANCHANA DEVI V', 'PANEL-117', 0, 0, 0, 0, 0, NULL, NULL),
(936, 'BRS', '20BRS1238', 'NIKHIL SIVAKUMAR', 50404, 'RAJIV VINCENT', 'PANEL-117', 0, 0, 0, 0, 0, NULL, NULL),
(937, 'BRS', '20BRS1239', 'ANNSLEY MOHAN JOSEPH RAJ', 52232, 'ABINAYA S', 'PANEL-118', 0, 0, 0, 0, 0, NULL, NULL),
(938, 'BRS', '20BRS1240', 'R DEEPTHI', 52851, 'S JAHANGEER SIDIQ', 'PANEL-118', 0, 0, 0, 0, 0, NULL, NULL),
(939, 'BRS', '20BRS1242', 'GAUTAM MANOJ', 51328, 'V. MUTHUMANIKANDAN', 'PANEL-118', 0, 0, 0, 0, 0, NULL, NULL),
(940, 'BRS', '20BRS1244', 'ABRAR HUSSAIN JAMAL HUSSAIN', 53164, 'AHADIT', 'PANEL-118', 0, 0, 0, 0, 0, NULL, NULL),
(941, 'BRS', '20BRS1245', 'RISHIKESH RAJ NAIR', 53164, 'AHADIT', 'PANEL-118', 0, 0, 0, 0, 0, NULL, NULL),
(942, 'BRS', '20BRS1246', 'HARINEE PRIYA ETHIRAJULU', 52262, 'MERCY RAJASELVI BEAULAH P', 'PANEL-118', 0, 0, 0, 0, 0, NULL, NULL),
(943, 'BRS', '20BRS1248', 'KARTHIKEYAN S', 53126, 'KABILAN K', 'PANEL-118', 0, 0, 0, 0, 0, NULL, NULL),
(944, 'BRS', '20BRS1249', 'HARISH KUMAR S', 52889, 'PRAVIN RENOLD A', 'PANEL-118', 0, 0, 0, 0, 0, NULL, NULL),
(945, 'BRS', '20BRS1250', 'A BHARATH KUMAR', 52277, 'ARUNKUMAR', 'PANEL-119', 0, 0, 0, 0, 0, NULL, NULL),
(946, 'BRS', '20BRS1253', 'SNEHIL', 52245, 'SAHAYA BENI PRATHIBA B', 'PANEL-119', 0, 0, 0, 0, 0, NULL, NULL),
(947, 'BRS', '20BRS1258', 'HARSHITHA DEVINA ANTO', 52332, 'JAISAKTHI  S M', 'PANEL-119', 0, 0, 0, 0, 0, NULL, NULL),
(948, 'BRS', '20BRS1259', 'JEEVAN PRAKASH H A', 50388, 'CHRISTY JACKSON J', 'PANEL-119', 0, 0, 0, 0, 0, NULL, NULL),
(949, 'BRS', '20BRS1262', 'ASHUTOSH ARDU', 51458, 'R JOTHI', 'PANEL-119', 0, 0, 0, 0, 0, NULL, NULL),
(950, 'BRS', '20BRS1263', 'PADALA SATYANARAYANA REDDY', 50408, 'ANUSOOYA G', 'PANEL-119', 0, 0, 0, 0, 0, NULL, NULL),
(951, 'BRS', '20BRS1265', 'P LIKITH SAI', 53078, 'PREMANAND V', 'PANEL-119', 0, 0, 0, 0, 0, NULL, NULL),
(952, 'BRS', '20BRS1266', 'DASARI V SATHYA SRI RAVI DEEPAK', 51656, 'MENAKA PUSHPA A', 'PANEL-119', 0, 0, 0, 0, 0, NULL, NULL),
(953, 'BRS', '20BRS1267', 'KALLURI VIGNESHWAR REDDY', 51656, 'MENAKA PUSHPA A', 'PANEL-120', 0, 0, 0, 0, 0, NULL, NULL),
(954, 'BRS', '20BRS1268', 'S GANAPATHI NAAYAGAM', 50183, 'ILAKIYASELVAN N', 'PANEL-120', 0, 0, 0, 0, 0, NULL, NULL),
(955, 'BRS', '20BRS1269', 'NEERAJ J MANURKAR', 53039, 'SUVIDHA RUPESH KUMAR', 'PANEL-120', 0, 0, 0, 0, 0, NULL, NULL),
(956, 'BRS', '20BRS1271', 'SRUTHI R', 50276, 'B V A N S S PRABHAKAR RAO', 'PANEL-120', 0, 0, 0, 0, 0, NULL, NULL),
(957, 'BCE', '18BCE1133', 'DIVYANSH JAIN', 50443, 'Nithyanandam P', 'PANEL-120', 0, 0, 0, 0, 0, NULL, NULL),
(958, 'BCE', '20BCE1287', 'KUMAR SIDDHARTH', 50767, 'SWEETLIN HEMALATHA C', 'PANEL-120', 0, 0, 0, 0, 0, NULL, NULL),
(0, '', '', '', 0, '', '', 5, 0, 0, 0, 5, NULL, NULL),
(0, '', '', '', 0, '', '', 5, 0, 0, 0, 5, NULL, NULL);

-- --------------------------------------------------------

--
-- Table structure for table `users`
--

CREATE TABLE `users` (
  `id` int(11) NOT NULL,
  `username` varchar(50) NOT NULL,
  `password` varchar(255) NOT NULL,
  `created_at` datetime DEFAULT current_timestamp(),
  `faculty_id` int(10) NOT NULL
) ENGINE=InnoDB DEFAULT CHARSET=utf8mb4 COLLATE=utf8mb4_general_ci;

--
-- Dumping data for table `users`
--

INSERT INTO `users` (`id`, `username`, `password`, `created_at`, `faculty_id`) VALUES
(5, 'kushkush', '$2y$10$pkgNOc0r6DaiDnCTIVT/VubRm0LqncpPgipzdARaH/9wZto.zmYLu', '2021-05-22 00:30:03', 0),
(6, '123123', '$2y$10$AwA0obkWAdzF6Z6zCqZ3Xu5QinFNWhL89iAUde8YYfYorruaxOjCm', '2021-07-17 16:49:54', 0),
(12, 'saravana', '$2y$10$HuIQhvulAudStqrvE0YUXO5b0saoAOE.2GgVIWwfnvoGR2ELqN/ni', '2024-01-09 15:39:33', 50007);

--
-- Indexes for dumped tables
--

--
-- Indexes for table `student_data`
--
ALTER TABLE `student_data`
  ADD PRIMARY KEY (`id`);

--
-- Indexes for table `users`
--
ALTER TABLE `users`
  ADD PRIMARY KEY (`id`),
  ADD UNIQUE KEY `username` (`username`);

--
-- AUTO_INCREMENT for dumped tables
--

--
-- AUTO_INCREMENT for table `student_data`
--
ALTER TABLE `student_data`
  MODIFY `id` int(10) NOT NULL AUTO_INCREMENT, AUTO_INCREMENT=135;

--
-- AUTO_INCREMENT for table `users`
--
ALTER TABLE `users`
  MODIFY `id` int(11) NOT NULL AUTO_INCREMENT, AUTO_INCREMENT=13;
COMMIT;

/*!40101 SET CHARACTER_SET_CLIENT=@OLD_CHARACTER_SET_CLIENT */;
/*!40101 SET CHARACTER_SET_RESULTS=@OLD_CHARACTER_SET_RESULTS */;
/*!40101 SET COLLATION_CONNECTION=@OLD_COLLATION_CONNECTION */;
